EN_YEAR,EN_MONTH,EN_PROVINCE_TERRITORY,EN_IMMIGRATION_CATEGORY,TOTAL
2023,1,Ontario,Economic - Federal High Skilled,5504
2023,1,Ontario,Economic - Provincial Nominee Program,3394
2023,1,Ontario,Sponsored Family,3311
2023,1,Ontario,Resettled Refugee & Protected Person,2064
2023,1,Ontario,Economic - Canadian Experience Class,888
2023,1,Ontario,All Other Immigration,348
2023,1,Quebec,Economic - Federal High Skilled,1851
2023,1,Quebec,Economic - Provincial Nominee Program,1079
2023,1,Quebec,Sponsored Family,1084
2023,1,Quebec,Resettled Refugee & Protected Person,589
2023,1,Quebec,Economic - Canadian Experience Class,227
2023,1,Quebec,All Other Immigration,101
2023,1,British Columbia,Economic - Federal High Skilled,1656
2023,1,British Columbia,Economic - Provincial Nominee Program,1390
2023,1,British Columbia,Sponsored Family,1446
2023,1,British Columbia,Resettled Refugee & Protected Person,887
2023,1,British Columbia,Economic - Canadian Experience Class,280
2023,1,British Columbia,All Other Immigration,128
2023,1,Alberta,Economic - Federal High Skilled,1664
2023,1,Alberta,Economic - Provincial Nominee Program,962
2023,1,Alberta,Sponsored Family,1142
2023,1,Alberta,Resettled Refugee & Protected Person,701
2023,1,Alberta,Economic - Canadian Experience Class,220
2023,1,Alberta,All Other Immigration,81
2023,1,Manitoba,Economic - Federal High Skilled,726
2023,1,Manitoba,Economic - Provincial Nominee Program,458
2023,1,Manitoba,Sponsored Family,366
2023,1,Manitoba,Resettled Refugee & Protected Person,233
2023,1,Manitoba,Economic - Canadian Experience Class,109
2023,1,Manitoba,All Other Immigration,40
2023,1,Saskatchewan,Economic - Federal High Skilled,554
2023,1,Saskatchewan,Economic - Provincial Nominee Program,422
2023,1,Saskatchewan,Sponsored Family,347
2023,1,Saskatchewan,Resettled Refugee & Protected Person,255
2023,1,Saskatchewan,Economic - Canadian Experience Class,74
2023,1,Saskatchewan,All Other Immigration,31
2023,1,Nova Scotia,Economic - Federal High Skilled,418
2023,1,Nova Scotia,Economic - Provincial Nominee Program,304
2023,1,Nova Scotia,Sponsored Family,290
2023,1,Nova Scotia,Resettled Refugee & Protected Person,168
2023,1,Nova Scotia,Economic - Canadian Experience Class,62
2023,1,Nova Scotia,All Other Immigration,19
2023,1,New Brunswick,Economic - Federal High Skilled,281
2023,1,New Brunswick,Economic - Provincial Nominee Program,225
2023,1,New Brunswick,Sponsored Family,182
2023,1,New Brunswick,Resettled Refugee & Protected Person,123
2023,1,New Brunswick,Economic - Canadian Experience Class,41
2023,1,New Brunswick,All Other Immigration,17
2023,1,Newfoundland and Labrador,Economic - Federal High Skilled,130
2023,1,Newfoundland and Labrador,Economic - Provincial Nominee Program,92
2023,1,Newfoundland and Labrador,Sponsored Family,81
2023,1,Newfoundland and Labrador,Resettled Refugee & Protected Person,48
2023,1,Newfoundland and Labrador,Economic - Canadian Experience Class,17
2023,1,Newfoundland and Labrador,All Other Immigration,9
2023,1,Prince Edward Island,Economic - Federal High Skilled,105
2023,1,Prince Edward Island,Economic - Provincial Nominee Program,81
2023,1,Prince Edward Island,Sponsored Family,60
2023,1,Prince Edward Island,Resettled Refugee & Protected Person,47
2023,1,Prince Edward Island,Economic - Canadian Experience Class,13
2023,1,Prince Edward Island,All Other Immigration,5
2023,2,Ontario,Economic - Federal High Skilled,6165
2023,2,Ontario,Economic - Provincial Nominee Program,4301
2023,2,Ontario,Sponsored Family,3677
2023,2,Ontario,Resettled Refugee & Protected Person,2445
2023,2,Ontario,Economic - Canadian Experience Class,920
2023,2,Ontario,All Other Immigration,360
2023,2,Quebec,Economic - Federal High Skilled,1464
2023,2,Quebec,Economic - Provincial Nominee Program,1053
2023,2,Quebec,Sponsored Family,1041
2023,2,Quebec,Resettled Refugee & Protected Person,650
2023,2,Quebec,Economic - Canadian Experience Class,227
2023,2,Quebec,All Other Immigration,117
2023,2,British Columbia,Economic - Federal High Skilled,2267
2023,2,British Columbia,Economic - Provincial Nominee Program,1455
2023,2,British Columbia,Sponsored Family,1449
2023,2,British Columbia,Resettled Refugee & Protected Person,840
2023,2,British Columbia,Economic - Canadian Experience Class,358
2023,2,British Columbia,All Other Immigration,122
2023,2,Alberta,Economic - Federal High Skilled,1370
2023,2,Alberta,Economic - Provincial Nominee Program,1063
2023,2,Alberta,Sponsored Family,1052
2023,2,Alberta,Resettled Refugee & Protected Person,599
2023,2,Alberta,Economic - Canadian Experience Class,241
2023,2,Alberta,All Other Immigration,107
2023,2,Manitoba,Economic - Federal High Skilled,601
2023,2,Manitoba,Economic - Provincial Nominee Program,438
2023,2,Manitoba,Sponsored Family,505
2023,2,Manitoba,Resettled Refugee & Protected Person,273
2023,2,Manitoba,Economic - Canadian Experience Class,83
2023,2,Manitoba,All Other Immigration,32
2023,2,Saskatchewan,Economic - Federal High Skilled,429
2023,2,Saskatchewan,Economic - Provincial Nominee Program,407
2023,2,Saskatchewan,Sponsored Family,379
2023,2,Saskatchewan,Resettled Refugee & Protected Person,212
2023,2,Saskatchewan,Economic - Canadian Experience Class,65
2023,2,Saskatchewan,All Other Immigration,29
2023,2,Nova Scotia,Economic - Federal High Skilled,441
2023,2,Nova Scotia,Economic - Provincial Nominee Program,295
2023,2,Nova Scotia,Sponsored Family,301
2023,2,Nova Scotia,Resettled Refugee & Protected Person,185
2023,2,Nova Scotia,Economic - Canadian Experience Class,48
2023,2,Nova Scotia,All Other Immigration,25
2023,2,New Brunswick,Economic - Federal High Skilled,332
2023,2,New Brunswick,Economic - Provincial Nominee Program,246
2023,2,New Brunswick,Sponsored Family,196
2023,2,New Brunswick,Resettled Refugee & Protected Person,143
2023,2,New Brunswick,Economic - Canadian Experience Class,41
2023,2,New Brunswick,All Other Immigration,19
2023,2,Newfoundland and Labrador,Economic - Federal High Skilled,122
2023,2,Newfoundland and Labrador,Economic - Provincial Nominee Program,113
2023,2,Newfoundland and Labrador,Sponsored Family,97
2023,2,Newfoundland and Labrador,Resettled Refugee & Protected Person,49
2023,2,Newfoundland and Labrador,Economic - Canadian Experience Class,19
2023,2,Newfoundland and Labrador,All Other Immigration,6
2023,2,Prince Edward Island,Economic - Federal High Skilled,114
2023,2,Prince Edward Island,Economic - Provincial Nominee Program,88
2023,2,Prince Edward Island,Sponsored Family,63
2023,2,Prince Edward Island,Resettled Refugee & Protected Person,45
2023,2,Prince Edward Island,Economic - Canadian Experience Class,16
2023,2,Prince Edward Island,All Other Immigration,5
2023,3,Ontario,Economic - Federal High Skilled,5736
2023,3,Ontario,Economic - Provincial Nominee Program,4153
2023,3,Ontario,Sponsored Family,3965
2023,3,Ontario,Resettled Refugee & Protected Person,2318
2023,3,Ontario,Economic - Canadian Experience Class,671
2023,3,Ontario,All Other Immigration,306
2023,3,Quebec,Economic - Federal High Skilled,1341
2023,3,Quebec,Economic - Provincial Nominee Program,1463
2023,3,Quebec,Sponsored Family,1267
2023,3,Quebec,Resettled Refugee & Protected Person,794
2023,3,Quebec,Economic - Canadian Experience Class,235
2023,3,Quebec,All Other Immigration,85
2023,3,British Columbia,Economic - Federal High Skilled,2268
2023,3,British Columbia,Economic - Provincial Nominee Program,1811
2023,3,British Columbia,Sponsored Family,1168
2023,3,British Columbia,Resettled Refugee & Protected Person,869
2023,3,British Columbia,Economic - Canadian Experience Class,263
2023,3,British Columbia,All Other Immigration,136
2023,3,Alberta,Economic - Federal High Skilled,1640
2023,3,Alberta,Economic - Provincial Nominee Program,1013
2023,3,Alberta,Sponsored Family,1020
2023,3,Alberta,Resettled Refugee & Protected Person,666
2023,3,Alberta,Economic - Canadian Experience Class,214
2023,3,Alberta,All Other Immigration,106
2023,3,Manitoba,Economic - Federal High Skilled,606
2023,3,Manitoba,Economic - Provincial Nominee Program,436
2023,3,Manitoba,Sponsored Family,435
2023,3,Manitoba,Resettled Refugee & Protected Person,295
2023,3,Manitoba,Economic - Canadian Experience Class,87
2023,3,Manitoba,All Other Immigration,36
2023,3,Saskatchewan,Economic - Federal High Skilled,588
2023,3,Saskatchewan,Economic - Provincial Nominee Program,411
2023,3,Saskatchewan,Sponsored Family,335
2023,3,Saskatchewan,Resettled Refugee & Protected Person,219
2023,3,Saskatchewan,Economic - Canadian Experience Class,67
2023,3,Saskatchewan,All Other Immigration,28
2023,3,Nova Scotia,Economic - Federal High Skilled,352
2023,3,Nova Scotia,Economic - Provincial Nominee Program,301
2023,3,Nova Scotia,Sponsored Family,232
2023,3,Nova Scotia,Resettled Refugee & Protected Person,147
2023,3,Nova Scotia,Economic - Canadian Experience Class,49
2023,3,Nova Scotia,All Other Immigration,24
2023,3,New Brunswick,Economic - Federal High Skilled,281
2023,3,New Brunswick,Economic - Provincial Nominee Program,279
2023,3,New Brunswick,Sponsored Family,242
2023,3,New Brunswick,Resettled Refugee & Protected Person,115
2023,3,New Brunswick,Economic - Canadian Experience Class,44
2023,3,New Brunswick,All Other Immigration,20
2023,3,Newfoundland and Labrador,Economic - Federal High Skilled,111
2023,3,Newfoundland and Labrador,Economic - Provincial Nominee Program,84
2023,3,Newfoundland and Labrador,Sponsored Family,99
2023,3,Newfoundland and Labrador,Resettled Refugee & Protected Person,55
2023,3,Newfoundland and Labrador,Economic - Canadian Experience Class,19
2023,3,Newfoundland and Labrador,All Other Immigration,8
2023,3,Prince Edward Island,Economic - Federal High Skilled,110
2023,3,Prince Edward Island,Economic - Provincial Nominee Program,69
2023,3,Prince Edward Island,Sponsored Family,58
2023,3,Prince Edward Island,Resettled Refugee & Protected Person,42
2023,3,Prince Edward Island,Economic - Canadian Experience Class,15
2023,3,Prince Edward Island,All Other Immigration,6
2023,4,Ontario,Economic - Federal High Skilled,5673
2023,4,Ontario,Economic - Provincial Nominee Program,4350
2023,4,Ontario,Sponsored Family,4231
2023,4,Ontario,Resettled Refugee & Protected Person,1961
2023,4,Ontario,Economic - Canadian Experience Class,790
2023,4,Ontario,All Other Immigration,308
2023,4,Quebec,Economic - Federal High Skilled,1833
2023,4,Quebec,Economic - Provincial Nominee Program,1152
2023,4,Quebec,Sponsored Family,991
2023,4,Quebec,Resettled Refugee & Protected Person,696
2023,4,Quebec,Economic - Canadian Experience Class,246
2023,4,Quebec,All Other Immigration,93
2023,4,British Columbia,Economic - Federal High Skilled,1816
2023,4,British Columbia,Economic - Provincial Nominee Program,1797
2023,4,British Columbia,Sponsored Family,1344
2023,4,British Columbia,Resettled Refugee & Protected Person,987
2023,4,British Columbia,Economic - Canadian Experience Class,317
2023,4,British Columbia,All Other Immigration,104
2023,4,Alberta,Economic - Federal High Skilled,1766
2023,4,Alberta,Economic - Provincial Nominee Program,1311
2023,4,Alberta,Sponsored Family,1203
2023,4,Alberta,Resettled Refugee & Protected Person,755
2023,4,Alberta,Economic - Canadian Experience Class,263
2023,4,Alberta,All Other Immigration,82
2023,4,Manitoba,Economic - Federal High Skilled,620
2023,4,Manitoba,Economic - Provincial Nominee Program,437
2023,4,Manitoba,Sponsored Family,413
2023,4,Manitoba,Resettled Refugee & Protected Person,229
2023,4,Manitoba,Economic - Canadian Experience Class,93
2023,4,Manitoba,All Other Immigration,45
2023,4,Saskatchewan,Economic - Federal High Skilled,457
2023,4,Saskatchewan,Economic - Provincial Nominee Program,429
2023,4,Saskatchewan,Sponsored Family,337
2023,4,Saskatchewan,Resettled Refugee & Protected Person,212
2023,4,Saskatchewan,Economic - Canadian Experience Class,90
2023,4,Saskatchewan,All Other Immigration,36
2023,4,Nova Scotia,Economic - Federal High Skilled,381
2023,4,Nova Scotia,Economic - Provincial Nominee Program,315
2023,4,Nova Scotia,Sponsored Family,225
2023,4,Nova Scotia,Resettled Refugee & Protected Person,151
2023,4,Nova Scotia,Economic - Canadian Experience Class,68
2023,4,Nova Scotia,All Other Immigration,24
2023,4,New Brunswick,Economic - Federal High Skilled,316
2023,4,New Brunswick,Economic - Provincial Nominee Program,265
2023,4,New Brunswick,Sponsored Family,180
2023,4,New Brunswick,Resettled Refugee & Protected Person,140
2023,4,New Brunswick,Economic - Canadian Experience Class,48
2023,4,New Brunswick,All Other Immigration,21
2023,4,Newfoundland and Labrador,Economic - Federal High Skilled,109
2023,4,Newfoundland and Labrador,Economic - Provincial Nominee Program,113
2023,4,Newfoundland and Labrador,Sponsored Family,72
2023,4,Newfoundland and Labrador,Resettled Refugee & Protected Person,48
2023,4,Newfoundland and Labrador,Economic - Canadian Experience Class,20
2023,4,Newfoundland and Labrador,All Other Immigration,8
2023,4,Prince Edward Island,Economic - Federal High Skilled,90
2023,4,Prince Edward Island,Economic - Provincial Nominee Program,67
2023,4,Prince Edward Island,Sponsored Family,78
2023,4,Prince Edward Island,Resettled Refugee & Protected Person,39
2023,4,Prince Edward Island,Economic - Canadian Experience Class,16
2023,4,Prince Edward Island,All Other Immigration,6
2023,5,Ontario,Economic - Federal High Skilled,5089
2023,5,Ontario,Economic - Provincial Nominee Program,4218
2023,5,Ontario,Sponsored Family,3633
2023,5,Ontario,Resettled Refugee & Protected Person,2652
2023,5,Ontario,Economic - Canadian Experience Class,731
2023,5,Ontario,All Other Immigration,353
2023,5,Quebec,Economic - Federal High Skilled,1469
2023,5,Quebec,Economic - Provincial Nominee Program,1219
2023,5,Quebec,Sponsored Family,1184
2023,5,Quebec,Resettled Refugee & Protected Person,658
2023,5,Quebec,Economic - Canadian Experience Class,236
2023,5,Quebec,All Other Immigration,110
2023,5,British Columbia,Economic - Federal High Skilled,1689
2023,5,British Columbia,Economic - Provincial Nominee Program,1536
2023,5,British Columbia,Sponsored Family,1619
2023,5,British Columbia,Resettled Refugee & Protected Person,1029
2023,5,British Columbia,Economic - Canadian Experience Class,264
2023,5,British Columbia,All Other Immigration,111
2023,5,Alberta,Economic - Federal High Skilled,1371
2023,5,Alberta,Economic - Provincial Nominee Program,1352
2023,5,Alberta,Sponsored Family,1170
2023,5,Alberta,Resettled Refugee & Protected Person,744
2023,5,Alberta,Economic - Canadian Experience Class,223
2023,5,Alberta,All Other Immigration,82
2023,5,Manitoba,Economic - Federal High Skilled,698
2023,5,Manitoba,Economic - Provincial Nominee Program,523
2023,5,Manitoba,Sponsored Family,446
2023,5,Manitoba,Resettled Refugee & Protected Person,320
2023,5,Manitoba,Economic - Canadian Experience Class,102
2023,5,Manitoba,All Other Immigration,32
2023,5,Saskatchewan,Economic - Federal High Skilled,556
2023,5,Saskatchewan,Economic - Provincial Nominee Program,361
2023,5,Saskatchewan,Sponsored Family,363
2023,5,Saskatchewan,Resettled Refugee & Protected Person,252
2023,5,Saskatchewan,Economic - Canadian Experience Class,67
2023,5,Saskatchewan,All Other Immigration,26
2023,5,Nova Scotia,Economic - Federal High Skilled,321
2023,5,Nova Scotia,Economic - Provincial Nominee Program,298
2023,5,Nova Scotia,Sponsored Family,236
2023,5,Nova Scotia,Resettled Refugee & Protected Person,169
2023,5,Nova Scotia,Economic - Canadian Experience Class,63
2023,5,Nova Scotia,All Other Immigration,20
2023,5,New Brunswick,Economic - Federal High Skilled,327
2023,5,New Brunswick,Economic - Provincial Nominee Program,223
2023,5,New Brunswick,Sponsored Family,213
2023,5,New Brunswick,Resettled Refugee & Protected Person,156
2023,5,New Brunswick,Economic - Canadian Experience Class,54
2023,5,New Brunswick,All Other Immigration,16
2023,5,Newfoundland and Labrador,Economic - Federal High Skilled,121
2023,5,Newfoundland and Labrador,Economic - Provincial Nominee Program,89
2023,5,Newfoundland and Labrador,Sponsored Family,70
2023,5,Newfoundland and Labrador,Resettled Refugee & Protected Person,59
2023,5,Newfoundland and Labrador,Economic - Canadian Experience Class,20
2023,5,Newfoundland and Labrador,All Other Immigration,7
2023,5,Prince Edward Island,Economic - Federal High Skilled,108
2023,5,Prince Edward Island,Economic - Provincial Nominee Program,79
2023,5,Prince Edward Island,Sponsored Family,66
2023,5,Prince Edward Island,Resettled Refugee & Protected Person,35
2023,5,Prince Edward Island,Economic - Canadian Experience Class,13
2023,5,Prince Edward Island,All Other Immigration,7
2023,6,Ontario,Economic - Federal High Skilled,6003
2023,6,Ontario,Economic - Provincial Nominee Program,4162
2023,6,Ontario,Sponsored Family,4037
2023,6,Ontario,Resettled Refugee & Protected Person,2361
2023,6,Ontario,Economic - Canadian Experience Class,715
2023,6,Ontario,All Other Immigration,283
2023,6,Quebec,Economic - Federal High Skilled,1510
2023,6,Quebec,Economic - Provincial Nominee Program,1449
2023,6,Quebec,Sponsored Family,1234
2023,6,Quebec,Resettled Refugee & Protected Person,801
2023,6,Quebec,Economic - Canadian Experience Class,289
2023,6,Quebec,All Other Immigration,90
2023,6,British Columbia,Economic - Federal High Skilled,1816
2023,6,British Columbia,Economic - Provincial Nominee Program,1336
2023,6,British Columbia,Sponsored Family,1511
2023,6,British Columbia,Resettled Refugee & Protected Person,994
2023,6,British Columbia,Economic - Canadian Experience Class,301
2023,6,British Columbia,All Other Immigration,130
2023,6,Alberta,Economic - Federal High Skilled,1311
2023,6,Alberta,Economic - Provincial Nominee Program,1351
2023,6,Alberta,Sponsored Family,1164
2023,6,Alberta,Resettled Refugee & Protected Person,767
2023,6,Alberta,Economic - Canadian Experience Class,260
2023,6,Alberta,All Other Immigration,106
2023,6,Manitoba,Economic - Federal High Skilled,517
2023,6,Manitoba,Economic - Provincial Nominee Program,529
2023,6,Manitoba,Sponsored Family,403
2023,6,Manitoba,Resettled Refugee & Protected Person,315
2023,6,Manitoba,Economic - Canadian Experience Class,108
2023,6,Manitoba,All Other Immigration,44
2023,6,Saskatchewan,Economic - Federal High Skilled,555
2023,6,Saskatchewan,Economic - Provincial Nominee Program,357
2023,6,Saskatchewan,Sponsored Family,378
2023,6,Saskatchewan,Resettled Refugee & Protected Person,187
2023,6,Saskatchewan,Economic - Canadian Experience Class,88
2023,6,Saskatchewan,All Other Immigration,35
2023,6,Nova Scotia,Economic - Federal High Skilled,336
2023,6,Nova Scotia,Economic - Provincial Nominee Program,325
2023,6,Nova Scotia,Sponsored Family,253
2023,6,Nova Scotia,Resettled Refugee & Protected Person,152
2023,6,Nova Scotia,Economic - Canadian Experience Class,64
2023,6,Nova Scotia,All Other Immigration,21
2023,6,New Brunswick,Economic - Federal High Skilled,258
2023,6,New Brunswick,Economic - Provincial Nominee Program,216
2023,6,New Brunswick,Sponsored Family,201
2023,6,New Brunswick,Resettled Refugee & Protected Person,154
2023,6,New Brunswick,Economic - Canadian Experience Class,56
2023,6,New Brunswick,All Other Immigration,17
2023,6,Newfoundland and Labrador,Economic - Federal High Skilled,131
2023,6,Newfoundland and Labrador,Economic - Provincial Nominee Program,93
2023,6,Newfoundland and Labrador,Sponsored Family,100
2023,6,Newfoundland and Labrador,Resettled Refugee & Protected Person,55
2023,6,Newfoundland and Labrador,Economic - Canadian Experience Class,22
2023,6,Newfoundland and Labrador,All Other Immigration,6
2023,6,Prince Edward Island,Economic - Federal High Skilled,116
2023,6,Prince Edward Island,Economic - Provincial Nominee Program,68
2023,6,Prince Edward Island,Sponsored Family,80
2023,6,Prince Edward Island,Resettled Refugee & Protected Person,39
2023,6,Prince Edward Island,Economic - Canadian Experience Class,13
2023,6,Prince Edward Island,All Other Immigration,6
2023,7,Ontario,Economic - Federal High Skilled,5672
2023,7,Ontario,Economic - Provincial Nominee Program,3820
2023,7,Ontario,Sponsored Family,3741
2023,7,Ontario,Resettled Refugee & Protected Person,2302
2023,7,Ontario,Economic - Canadian Experience Class,785
2023,7,Ontario,All Other Immigration,336
2023,7,Quebec,Economic - Federal High Skilled,1479
2023,7,Quebec,Economic - Provincial Nominee Program,1362
2023,7,Quebec,Sponsored Family,915
2023,7,Quebec,Resettled Refugee & Protected Person,818
2023,7,Quebec,Economic - Canadian Experience Class,257
2023,7,Quebec,All Other Immigration,109
2023,7,British Columbia,Economic - Federal High Skilled,2170
2023,7,British Columbia,Economic - Provincial Nominee Program,1655
2023,7,British Columbia,Sponsored Family,1305
2023,7,British Columbia,Resettled Refugee & Protected Person,738
2023,7,British Columbia,Economic - Canadian Experience Class,330
2023,7,British Columbia,All Other Immigration,117
2023,7,Alberta,Economic - Federal High Skilled,1397
2023,7,Alberta,Economic - Provincial Nominee Program,1316
2023,7,Alberta,Sponsored Family,1111
2023,7,Alberta,Resettled Refugee & Protected Person,608
2023,7,Alberta,Economic - Canadian Experience Class,217
2023,7,Alberta,All Other Immigration,90
2023,7,Manitoba,Economic - Federal High Skilled,602
2023,7,Manitoba,Economic - Provincial Nominee Program,451
2023,7,Manitoba,Sponsored Family,371
2023,7,Manitoba,Resettled Refugee & Protected Person,265
2023,7,Manitoba,Economic - Canadian Experience Class,112
2023,7,Manitoba,All Other Immigration,41
2023,7,Saskatchewan,Economic - Federal High Skilled,571
2023,7,Saskatchewan,Economic - Provincial Nominee Program,406
2023,7,Saskatchewan,Sponsored Family,318
2023,7,Saskatchewan,Resettled Refugee & Protected Person,222
2023,7,Saskatchewan,Economic - Canadian Experience Class,63
2023,7,Saskatchewan,All Other Immigration,28
2023,7,Nova Scotia,Economic - Federal High Skilled,364
2023,7,Nova Scotia,Economic - Provincial Nominee Program,300
2023,7,Nova Scotia,Sponsored Family,271
2023,7,Nova Scotia,Resettled Refugee & Protected Person,161
2023,7,Nova Scotia,Economic - Canadian Experience Class,57
2023,7,Nova Scotia,All Other Immigration,20
2023,7,New Brunswick,Economic - Federal High Skilled,308
2023,7,New Brunswick,Economic - Provincial Nominee Program,278
2023,7,New Brunswick,Sponsored Family,237
2023,7,New Brunswick,Resettled Refugee & Protected Person,120
2023,7,New Brunswick,Economic - Canadian Experience Class,41
2023,7,New Brunswick,All Other Immigration,19
2023,7,Newfoundland and Labrador,Economic - Federal High Skilled,130
2023,7,Newfoundland and Labrador,Economic - Provincial Nominee Program,91
2023,7,Newfoundland and Labrador,Sponsored Family,95
2023,7,Newfoundland and Labrador,Resettled Refugee & Protected Person,59
2023,7,Newfoundland and Labrador,Economic - Canadian Experience Class,20
2023,7,Newfoundland and Labrador,All Other Immigration,7
2023,7,Prince Edward Island,Economic - Federal High Skilled,89
2023,7,Prince Edward Island,Economic - Provincial Nominee Program,64
2023,7,Prince Edward Island,Sponsored Family,62
2023,7,Prince Edward Island,Resettled Refugee & Protected Person,43
2023,7,Prince Edward Island,Economic - Canadian Experience Class,17
2023,7,Prince Edward Island,All Other Immigration,5
2023,8,Ontario,Economic - Federal High Skilled,5080
2023,8,Ontario,Economic - Provincial Nominee Program,4286
2023,8,Ontario,Sponsored Family,3207
2023,8,Ontario,Resettled Refugee & Protected Person,2455
2023,8,Ontario,Economic - Canadian Experience Class,817
2023,8,Ontario,All Other Immigration,297
2023,8,Quebec,Economic - Federal High Skilled,1713
2023,8,Quebec,Economic - Provincial Nominee Program,1041
2023,8,Quebec,Sponsored Family,1216
2023,8,Quebec,Resettled Refugee & Protected Person,778
2023,8,Quebec,Economic - Canadian Experience Class,217
2023,8,Quebec,All Other Immigration,98
2023,8,British Columbia,Economic - Federal High Skilled,1763
2023,8,British Columbia,Economic - Provincial Nominee Program,1817
2023,8,British Columbia,Sponsored Family,1381
2023,8,British Columbia,Resettled Refugee & Protected Person,732
2023,8,British Columbia,Economic - Canadian Experience Class,283
2023,8,British Columbia,All Other Immigration,140
2023,8,Alberta,Economic - Federal High Skilled,1474
2023,8,Alberta,Economic - Provincial Nominee Program,1296
2023,8,Alberta,Sponsored Family,1091
2023,8,Alberta,Resettled Refugee & Protected Person,770
2023,8,Alberta,Economic - Canadian Experience Class,242
2023,8,Alberta,All Other Immigration,108
2023,8,Manitoba,Economic - Federal High Skilled,711
2023,8,Manitoba,Economic - Provincial Nominee Program,507
2023,8,Manitoba,Sponsored Family,462
2023,8,Manitoba,Resettled Refugee & Protected Person,273
2023,8,Manitoba,Economic - Canadian Experience Class,109
2023,8,Manitoba,All Other Immigration,39
2023,8,Saskatchewan,Economic - Federal High Skilled,570
2023,8,Saskatchewan,Economic - Provincial Nominee Program,424
2023,8,Saskatchewan,Sponsored Family,340
2023,8,Saskatchewan,Resettled Refugee & Protected Person,199
2023,8,Saskatchewan,Economic - Canadian Experience Class,70
2023,8,Saskatchewan,All Other Immigration,32
2023,8,Nova Scotia,Economic - Federal High Skilled,410
2023,8,Nova Scotia,Economic - Provincial Nominee Program,294
2023,8,Nova Scotia,Sponsored Family,269
2023,8,Nova Scotia,Resettled Refugee & Protected Person,150
2023,8,Nova Scotia,Economic - Canadian Experience Class,49
2023,8,Nova Scotia,All Other Immigration,21
2023,8,New Brunswick,Economic - Federal High Skilled,286
2023,8,New Brunswick,Economic - Provincial Nominee Program,227
2023,8,New Brunswick,Sponsored Family,217
2023,8,New Brunswick,Resettled Refugee & Protected Person,118
2023,8,New Brunswick,Economic - Canadian Experience Class,44
2023,8,New Brunswick,All Other Immigration,20
2023,8,Newfoundland and Labrador,Economic - Federal High Skilled,134
2023,8,Newfoundland and Labrador,Economic - Provincial Nominee Program,82
2023,8,Newfoundland and Labrador,Sponsored Family,82
2023,8,Newfoundland and Labrador,Resettled Refugee & Protected Person,55
2023,8,Newfoundland and Labrador,Economic - Canadian Experience Class,18
2023,8,Newfoundland and Labrador,All Other Immigration,6
2023,8,Prince Edward Island,Economic - Federal High Skilled,96
2023,8,Prince Edward Island,Economic - Provincial Nominee Program,89
2023,8,Prince Edward Island,Sponsored Family,70
2023,8,Prince Edward Island,Resettled Refugee & Protected Person,46
2023,8,Prince Edward Island,Economic - Canadian Experience Class,17
2023,8,Prince Edward Island,All Other Immigration,6
2023,9,Ontario,Economic - Federal High Skilled,5015
2023,9,Ontario,Economic - Provincial Nominee Program,3366
2023,9,Ontario,Sponsored Family,3411
2023,9,Ontario,Resettled Refugee & Protected Person,2502
2023,9,Ontario,Economic - Canadian Experience Class,923
2023,9,Ontario,All Other Immigration,381
2023,9,Quebec,Economic - Federal High Skilled,1575
2023,9,Quebec,Economic - Provincial Nominee Program,1380
2023,9,Quebec,Sponsored Family,1133
2023,9,Quebec,Resettled Refugee & Protected Person,736
2023,9,Quebec,Economic - Canadian Experience Class,227
2023,9,Quebec,All Other Immigration,91
2023,9,British Columbia,Economic - Federal High Skilled,1950
2023,9,British Columbia,Economic - Provincial Nominee Program,1295
2023,9,British Columbia,Sponsored Family,1291
2023,9,British Columbia,Resettled Refugee & Protected Person,929
2023,9,British Columbia,Economic - Canadian Experience Class,301
2023,9,British Columbia,All Other Immigration,109
2023,9,Alberta,Economic - Federal High Skilled,1480
2023,9,Alberta,Economic - Provincial Nominee Program,1013
2023,9,Alberta,Sponsored Family,1074
2023,9,Alberta,Resettled Refugee & Protected Person,543
2023,9,Alberta,Economic - Canadian Experience Class,225
2023,9,Alberta,All Other Immigration,95
2023,9,Manitoba,Economic - Federal High Skilled,517
2023,9,Manitoba,Economic - Provincial Nominee Program,512
2023,9,Manitoba,Sponsored Family,372
2023,9,Manitoba,Resettled Refugee & Protected Person,269
2023,9,Manitoba,Economic - Canadian Experience Class,81
2023,9,Manitoba,All Other Immigration,37
2023,9,Saskatchewan,Economic - Federal High Skilled,447
2023,9,Saskatchewan,Economic - Provincial Nominee Program,365
2023,9,Saskatchewan,Sponsored Family,375
2023,9,Saskatchewan,Resettled Refugee & Protected Person,208
2023,9,Saskatchewan,Economic - Canadian Experience Class,85
2023,9,Saskatchewan,All Other Immigration,34
2023,9,Nova Scotia,Economic - Federal High Skilled,341
2023,9,Nova Scotia,Economic - Provincial Nominee Program,248
2023,9,Nova Scotia,Sponsored Family,212
2023,9,Nova Scotia,Resettled Refugee & Protected Person,166
2023,9,Nova Scotia,Economic - Canadian Experience Class,69
2023,9,Nova Scotia,All Other Immigration,22
2023,9,New Brunswick,Economic - Federal High Skilled,328
2023,9,New Brunswick,Economic - Provincial Nominee Program,268
2023,9,New Brunswick,Sponsored Family,226
2023,9,New Brunswick,Resettled Refugee & Protected Person,148
2023,9,New Brunswick,Economic - Canadian Experience Class,56
2023,9,New Brunswick,All Other Immigration,17
2023,9,Newfoundland and Labrador,Economic - Federal High Skilled,103
2023,9,Newfoundland and Labrador,Economic - Provincial Nominee Program,85
2023,9,Newfoundland and Labrador,Sponsored Family,74
2023,9,Newfoundland and Labrador,Resettled Refugee & Protected Person,57
2023,9,Newfoundland and Labrador,Economic - Canadian Experience Class,19
2023,9,Newfoundland and Labrador,All Other Immigration,7
2023,9,Prince Edward Island,Economic - Federal High Skilled,107
2023,9,Prince Edward Island,Economic - Provincial Nominee Program,85
2023,9,Prince Edward Island,Sponsored Family,60
2023,9,Prince Edward Island,Resettled Refugee & Protected Person,45
2023,9,Prince Edward Island,Economic - Canadian Experience Class,16
2023,9,Prince Edward Island,All Other Immigration,5
2023,10,Ontario,Economic - Federal High Skilled,5844
2023,10,Ontario,Economic - Provincial Nominee Program,4780
2023,10,Ontario,Sponsored Family,3095
2023,10,Ontario,Resettled Refugee & Protected Person,1901
2023,10,Ontario,Economic - Canadian Experience Class,763
2023,10,Ontario,All Other Immigration,348
2023,10,Quebec,Economic - Federal High Skilled,1890
2023,10,Quebec,Economic - Provincial Nominee Program,1220
2023,10,Quebec,Sponsored Family,1201
2023,10,Quebec,Resettled Refugee & Protected Person,601
2023,10,Quebec,Economic - Canadian Experience Class,270
2023,10,Quebec,All Other Immigration,106
2023,10,British Columbia,Economic - Federal High Skilled,1710
2023,10,British Columbia,Economic - Provincial Nominee Program,1713
2023,10,British Columbia,Sponsored Family,1545
2023,10,British Columbia,Resettled Refugee & Protected Person,905
2023,10,British Columbia,Economic - Canadian Experience Class,269
2023,10,British Columbia,All Other Immigration,146
2023,10,Alberta,Economic - Federal High Skilled,1649
2023,10,Alberta,Economic - Provincial Nominee Program,1105
2023,10,Alberta,Sponsored Family,1003
2023,10,Alberta,Resettled Refugee & Protected Person,624
2023,10,Alberta,Economic - Canadian Experience Class,234
2023,10,Alberta,All Other Immigration,88
2023,10,Manitoba,Economic - Federal High Skilled,702
2023,10,Manitoba,Economic - Provincial Nominee Program,544
2023,10,Manitoba,Sponsored Family,368
2023,10,Manitoba,Resettled Refugee & Protected Person,318
2023,10,Manitoba,Economic - Canadian Experience Class,102
2023,10,Manitoba,All Other Immigration,43
2023,10,Saskatchewan,Economic - Federal High Skilled,536
2023,10,Saskatchewan,Economic - Provincial Nominee Program,380
2023,10,Saskatchewan,Sponsored Family,372
2023,10,Saskatchewan,Resettled Refugee & Protected Person,254
2023,10,Saskatchewan,Economic - Canadian Experience Class,71
2023,10,Saskatchewan,All Other Immigration,34
2023,10,Nova Scotia,Economic - Federal High Skilled,379
2023,10,Nova Scotia,Economic - Provincial Nominee Program,290
2023,10,Nova Scotia,Sponsored Family,251
2023,10,Nova Scotia,Resettled Refugee & Protected Person,177
2023,10,Nova Scotia,Economic - Canadian Experience Class,53
2023,10,Nova Scotia,All Other Immigration,26
2023,10,New Brunswick,Economic - Federal High Skilled,349
2023,10,New Brunswick,Economic - Provincial Nominee Program,207
2023,10,New Brunswick,Sponsored Family,243
2023,10,New Brunswick,Resettled Refugee & Protected Person,123
2023,10,New Brunswick,Economic - Canadian Experience Class,48
2023,10,New Brunswick,All Other Immigration,20
2023,10,Newfoundland and Labrador,Economic - Federal High Skilled,119
2023,10,Newfoundland and Labrador,Economic - Provincial Nominee Program,80
2023,10,Newfoundland and Labrador,Sponsored Family,96
2023,10,Newfoundland and Labrador,Resettled Refugee & Protected Person,48
2023,10,Newfoundland and Labrador,Economic - Canadian Experience Class,17
2023,10,Newfoundland and Labrador,All Other Immigration,8
2023,10,Prince Edward Island,Economic - Federal High Skilled,94
2023,10,Prince Edward Island,Economic - Provincial Nominee Program,88
2023,10,Prince Edward Island,Sponsored Family,73
2023,10,Prince Edward Island,Resettled Refugee & Protected Person,40
2023,10,Prince Edward Island,Economic - Canadian Experience Class,12
2023,10,Prince Edward Island,All Other Immigration,7
2023,11,Ontario,Economic - Federal High Skilled,4459
2023,11,Ontario,Economic - Provincial Nominee Program,4419
2023,11,Ontario,Sponsored Family,3588
2023,11,Ontario,Resettled Refugee & Protected Person,2506
2023,11,Ontario,Economic - Canadian Experience Class,875
2023,11,Ontario,All Other Immigration,344
2023,11,Quebec,Economic - Federal High Skilled,1617
2023,11,Quebec,Economic - Provincial Nominee Program,1401
2023,11,Quebec,Sponsored Family,951
2023,11,Quebec,Resettled Refugee & Protected Person,638
2023,11,Quebec,Economic - Canadian Experience Class,271
2023,11,Quebec,All Other Immigration,94
2023,11,British Columbia,Economic - Federal High Skilled,2055
2023,11,British Columbia,Economic - Provincial Nominee Program,1544
2023,11,British Columbia,Sponsored Family,1388
2023,11,British Columbia,Resettled Refugee & Protected Person,850
2023,11,British Columbia,Economic - Canadian Experience Class,339
2023,11,British Columbia,All Other Immigration,117
2023,11,Alberta,Economic - Federal High Skilled,1606
2023,11,Alberta,Economic - Provincial Nominee Program,1073
2023,11,Alberta,Sponsored Family,937
2023,11,Alberta,Resettled Refugee & Protected Person,565
2023,11,Alberta,Economic - Canadian Experience Class,208
2023,11,Alberta,All Other Immigration,80
2023,11,Manitoba,Economic - Federal High Skilled,632
2023,11,Manitoba,Economic - Provincial Nominee Program,533
2023,11,Manitoba,Sponsored Family,380
2023,11,Manitoba,Resettled Refugee & Protected Person,245
2023,11,Manitoba,Economic - Canadian Experience Class,96
2023,11,Manitoba,All Other Immigration,42
2023,11,Saskatchewan,Economic - Federal High Skilled,584
2023,11,Saskatchewan,Economic - Provincial Nominee Program,393
2023,11,Saskatchewan,Sponsored Family,316
2023,11,Saskatchewan,Resettled Refugee & Protected Person,186
2023,11,Saskatchewan,Economic - Canadian Experience Class,69
2023,11,Saskatchewan,All Other Immigration,28
2023,11,Nova Scotia,Economic - Federal High Skilled,331
2023,11,Nova Scotia,Economic - Provincial Nominee Program,241
2023,11,Nova Scotia,Sponsored Family,260
2023,11,Nova Scotia,Resettled Refugee & Protected Person,150
2023,11,Nova Scotia,Economic - Canadian Experience Class,68
2023,11,Nova Scotia,All Other Immigration,23
2023,11,New Brunswick,Economic - Federal High Skilled,334
2023,11,New Brunswick,Economic - Provincial Nominee Program,210
2023,11,New Brunswick,Sponsored Family,242
2023,11,New Brunswick,Resettled Refugee & Protected Person,136
2023,11,New Brunswick,Economic - Canadian Experience Class,55
2023,11,New Brunswick,All Other Immigration,20
2023,11,Newfoundland and Labrador,Economic - Federal High Skilled,123
2023,11,Newfoundland and Labrador,Economic - Provincial Nominee Program,95
2023,11,Newfoundland and Labrador,Sponsored Family,76
2023,11,Newfoundland and Labrador,Resettled Refugee & Protected Person,45
2023,11,Newfoundland and Labrador,Economic - Canadian Experience Class,22
2023,11,Newfoundland and Labrador,All Other Immigration,7
2023,11,Prince Edward Island,Economic - Federal High Skilled,111
2023,11,Prince Edward Island,Economic - Provincial Nominee Program,75
2023,11,Prince Edward Island,Sponsored Family,58
2023,11,Prince Edward Island,Resettled Refugee & Protected Person,45
2023,11,Prince Edward Island,Economic - Canadian Experience Class,13
2023,11,Prince Edward Island,All Other Immigration,5
2023,12,Ontario,Economic - Federal High Skilled,5360
2023,12,Ontario,Economic - Provincial Nominee Program,3805
2023,12,Ontario,Sponsored Family,4244
2023,12,Ontario,Resettled Refugee & Protected Person,1978
2023,12,Ontario,Economic - Canadian Experience Class,896
2023,12,Ontario,All Other Immigration,340
2023,12,Quebec,Economic - Federal High Skilled,1792
2023,12,Quebec,Economic - Provincial Nominee Program,1142
2023,12,Quebec,Sponsored Family,1124
2023,12,Quebec,Resettled Refugee & Protected Person,697
2023,12,Quebec,Economic - Canadian Experience Class,248
2023,12,Quebec,All Other Immigration,114
2023,12,British Columbia,Economic - Federal High Skilled,2349
2023,12,British Columbia,Economic - Provincial Nominee Program,1450
2023,12,British Columbia,Sponsored Family,1432
2023,12,British Columbia,Resettled Refugee & Protected Person,908
2023,12,British Columbia,Economic - Canadian Experience Class,338
2023,12,British Columbia,All Other Immigration,144
2023,12,Alberta,Economic - Federal High Skilled,1340
2023,12,Alberta,Economic - Provincial Nominee Program,1048
2023,12,Alberta,Sponsored Family,1089
2023,12,Alberta,Resettled Refugee & Protected Person,574
2023,12,Alberta,Economic - Canadian Experience Class,206
2023,12,Alberta,All Other Immigration,79
2023,12,Manitoba,Economic - Federal High Skilled,512
2023,12,Manitoba,Economic - Provincial Nominee Program,478
2023,12,Manitoba,Sponsored Family,443
2023,12,Manitoba,Resettled Refugee & Protected Person,252
2023,12,Manitoba,Economic - Canadian Experience Class,88
2023,12,Manitoba,All Other Immigration,41
2023,12,Saskatchewan,Economic - Federal High Skilled,535
2023,12,Saskatchewan,Economic - Provincial Nominee Program,383
2023,12,Saskatchewan,Sponsored Family,366
2023,12,Saskatchewan,Resettled Refugee & Protected Person,251
2023,12,Saskatchewan,Economic - Canadian Experience Class,86
2023,12,Saskatchewan,All Other Immigration,32
2023,12,Nova Scotia,Economic - Federal High Skilled,396
2023,12,Nova Scotia,Economic - Provincial Nominee Program,338
2023,12,Nova Scotia,Sponsored Family,250
2023,12,Nova Scotia,Resettled Refugee & Protected Person,166
2023,12,Nova Scotia,Economic - Canadian Experience Class,61
2023,12,Nova Scotia,All Other Immigration,26
2023,12,New Brunswick,Economic - Federal High Skilled,348
2023,12,New Brunswick,Economic - Provincial Nominee Program,206
2023,12,New Brunswick,Sponsored Family,188
2023,12,New Brunswick,Resettled Refugee & Protected Person,127
2023,12,New Brunswick,Economic - Canadian Experience Class,53
2023,12,New Brunswick,All Other Immigration,19
2023,12,Newfoundland and Labrador,Economic - Federal High Skilled,115
2023,12,Newfoundland and Labrador,Economic - Provincial Nominee Program,84
2023,12,Newfoundland and Labrador,Sponsored Family,91
2023,12,Newfoundland and Labrador,Resettled Refugee & Protected Person,58
2023,12,Newfoundland and Labrador,Economic - Canadian Experience Class,22
2023,12,Newfoundland and Labrador,All Other Immigration,7
2023,12,Prince Edward Island,Economic - Federal High Skilled,99
2023,12,Prince Edward Island,Economic - Provincial Nominee Program,66
2023,12,Prince Edward Island,Sponsored Family,57
2023,12,Prince Edward Island,Resettled Refugee & Protected Person,42
2023,12,Prince Edward Island,Economic - Canadian Experience Class,14
2023,12,Prince Edward Island,All Other Immigration,5
2024,1,Ontario,Economic - Federal High Skilled,4585
2024,1,Ontario,Economic - Provincial Nominee Program,4898
2024,1,Ontario,Sponsored Family,4143
2024,1,Ontario,Resettled Refugee & Protected Person,2415
2024,1,Ontario,Economic - Canadian Experience Class,976
2024,1,Ontario,All Other Immigration,396
2024,1,Quebec,Economic - Federal High Skilled,1767
2024,1,Quebec,Economic - Provincial Nominee Program,1192
2024,1,Quebec,Sponsored Family,954
2024,1,Quebec,Resettled Refugee & Protected Person,795
2024,1,Quebec,Economic - Canadian Experience Class,257
2024,1,Quebec,All Other Immigration,109
2024,1,British Columbia,Economic - Federal High Skilled,2354
2024,1,British Columbia,Economic - Provincial Nominee Program,1416
2024,1,British Columbia,Sponsored Family,1451
2024,1,British Columbia,Resettled Refugee & Protected Person,939
2024,1,British Columbia,Economic - Canadian Experience Class,319
2024,1,British Columbia,All Other Immigration,109
2024,1,Alberta,Economic - Federal High Skilled,1451
2024,1,Alberta,Economic - Provincial Nominee Program,1127
2024,1,Alberta,Sponsored Family,1120
2024,1,Alberta,Resettled Refugee & Protected Person,758
2024,1,Alberta,Economic - Canadian Experience Class,225
2024,1,Alberta,All Other Immigration,102
2024,1,Manitoba,Economic - Federal High Skilled,591
2024,1,Manitoba,Economic - Provincial Nominee Program,580
2024,1,Manitoba,Sponsored Family,489
2024,1,Manitoba,Resettled Refugee & Protected Person,285
2024,1,Manitoba,Economic - Canadian Experience Class,98
2024,1,Manitoba,All Other Immigration,37
2024,1,Saskatchewan,Economic - Federal High Skilled,479
2024,1,Saskatchewan,Economic - Provincial Nominee Program,467
2024,1,Saskatchewan,Sponsored Family,339
2024,1,Saskatchewan,Resettled Refugee & Protected Person,225
2024,1,Saskatchewan,Economic - Canadian Experience Class,94
2024,1,Saskatchewan,All Other Immigration,33
2024,1,Nova Scotia,Economic - Federal High Skilled,389
2024,1,Nova Scotia,Economic - Provincial Nominee Program,290
2024,1,Nova Scotia,Sponsored Family,234
2024,1,Nova Scotia,Resettled Refugee & Protected Person,159
2024,1,Nova Scotia,Economic - Canadian Experience Class,65
2024,1,Nova Scotia,All Other Immigration,25
2024,1,New Brunswick,Economic - Federal High Skilled,349
2024,1,New Brunswick,Economic - Provincial Nominee Program,223
2024,1,New Brunswick,Sponsored Family,223
2024,1,New Brunswick,Resettled Refugee & Protected Person,161
2024,1,New Brunswick,Economic - Canadian Experience Class,48
2024,1,New Brunswick,All Other Immigration,21
2024,1,Newfoundland and Labrador,Economic - Federal High Skilled,110
2024,1,Newfoundland and Labrador,Economic - Provincial Nominee Program,117
2024,1,Newfoundland and Labrador,Sponsored Family,91
2024,1,Newfoundland and Labrador,Resettled Refugee & Protected Person,50
2024,1,Newfoundland and Labrador,Economic - Canadian Experience Class,17
2024,1,Newfoundland and Labrador,All Other Immigration,8
2024,1,Prince Edward Island,Economic - Federal High Skilled,104
2024,1,Prince Edward Island,Economic - Provincial Nominee Program,68
2024,1,Prince Edward Island,Sponsored Family,82
2024,1,Prince Edward Island,Resettled Refugee & Protected Person,51
2024,1,Prince Edward Island,Economic - Canadian Experience Class,15
2024,1,Prince Edward Island,All Other Immigration,5
2024,2,Ontario,Economic - Federal High Skilled,6018
2024,2,Ontario,Economic - Provincial Nominee Program,4197
2024,2,Ontario,Sponsored Family,3984
2024,2,Ontario,Resettled Refugee & Protected Person,2359
2024,2,Ontario,Economic - Canadian Experience Class,771
2024,2,Ontario,All Other Immigration,376
2024,2,Quebec,Economic - Federal High Skilled,1951
2024,2,Quebec,Economic - Provincial Nominee Program,1180
2024,2,Quebec,Sponsored Family,1165
2024,2,Quebec,Resettled Refugee & Protected Person,697
2024,2,Quebec,Economic - Canadian Experience Class,299
2024,2,Quebec,All Other Immigration,104
2024,2,British Columbia,Economic - Federal High Skilled,2327
2024,2,British Columbia,Economic - Provincial Nominee Program,1809
2024,2,British Columbia,Sponsored Family,1294
2024,2,British Columbia,Resettled Refugee & Protected Person,989
2024,2,British Columbia,Economic - Canadian Experience Class,310
2024,2,British Columbia,All Other Immigration,148
2024,2,Alberta,Economic - Federal High Skilled,1540
2024,2,Alberta,Economic - Provincial Nominee Program,1338
2024,2,Alberta,Sponsored Family,973
2024,2,Alberta,Resettled Refugee & Protected Person,623
2024,2,Alberta,Economic - Canadian Experience Class,247
2024,2,Alberta,All Other Immigration,113
2024,2,Manitoba,Economic - Federal High Skilled,637
2024,2,Manitoba,Economic - Provincial Nominee Program,436
2024,2,Manitoba,Sponsored Family,446
2024,2,Manitoba,Resettled Refugee & Protected Person,264
2024,2,Manitoba,Economic - Canadian Experience Class,101
2024,2,Manitoba,All Other Immigration,40
2024,2,Saskatchewan,Economic - Federal High Skilled,503
2024,2,Saskatchewan,Economic - Provincial Nominee Program,374
2024,2,Saskatchewan,Sponsored Family,312
2024,2,Saskatchewan,Resettled Refugee & Protected Person,239
2024,2,Saskatchewan,Economic - Canadian Experience Class,82
2024,2,Saskatchewan,All Other Immigration,28
2024,2,Nova Scotia,Economic - Federal High Skilled,422
2024,2,Nova Scotia,Economic - Provincial Nominee Program,250
2024,2,Nova Scotia,Sponsored Family,287
2024,2,Nova Scotia,Resettled Refugee & Protected Person,180
2024,2,Nova Scotia,Economic - Canadian Experience Class,66
2024,2,Nova Scotia,All Other Immigration,23
2024,2,New Brunswick,Economic - Federal High Skilled,338
2024,2,New Brunswick,Economic - Provincial Nominee Program,278
2024,2,New Brunswick,Sponsored Family,258
2024,2,New Brunswick,Resettled Refugee & Protected Person,139
2024,2,New Brunswick,Economic - Canadian Experience Class,41
2024,2,New Brunswick,All Other Immigration,20
2024,2,Newfoundland and Labrador,Economic - Federal High Skilled,132
2024,2,Newfoundland and Labrador,Economic - Provincial Nominee Program,113
2024,2,Newfoundland and Labrador,Sponsored Family,99
2024,2,Newfoundland and Labrador,Resettled Refugee & Protected Person,54
2024,2,Newfoundland and Labrador,Economic - Canadian Experience Class,20
2024,2,Newfoundland and Labrador,All Other Immigration,7
2024,2,Prince Edward Island,Economic - Federal High Skilled,110
2024,2,Prince Edward Island,Economic - Provincial Nominee Program,77
2024,2,Prince Edward Island,Sponsored Family,74
2024,2,Prince Edward Island,Resettled Refugee & Protected Person,39
2024,2,Prince Edward Island,Economic - Canadian Experience Class,15
2024,2,Prince Edward Island,All Other Immigration,7
2024,3,Ontario,Economic - Federal High Skilled,5063
2024,3,Ontario,Economic - Provincial Nominee Program,4491
2024,3,Ontario,Sponsored Family,3895
2024,3,Ontario,Resettled Refugee & Protected Person,2649
2024,3,Ontario,Economic - Canadian Experience Class,946
2024,3,Ontario,All Other Immigration,379
2024,3,Quebec,Economic - Federal High Skilled,1592
2024,3,Quebec,Economic - Provincial Nominee Program,1214
2024,3,Quebec,Sponsored Family,1234
2024,3,Quebec,Resettled Refugee & Protected Person,795
2024,3,Quebec,Economic - Canadian Experience Class,294
2024,3,Quebec,All Other Immigration,86
2024,3,British Columbia,Economic - Federal High Skilled,1729
2024,3,British Columbia,Economic - Provincial Nominee Program,1675
2024,3,British Columbia,Sponsored Family,1621
2024,3,British Columbia,Resettled Refugee & Protected Person,1056
2024,3,British Columbia,Economic - Canadian Experience Class,348
2024,3,British Columbia,All Other Immigration,124
2024,3,Alberta,Economic - Federal High Skilled,1313
2024,3,Alberta,Economic - Provincial Nominee Program,1257
2024,3,Alberta,Sponsored Family,1197
2024,3,Alberta,Resettled Refugee & Protected Person,658
2024,3,Alberta,Economic - Canadian Experience Class,256
2024,3,Alberta,All Other Immigration,109
2024,3,Manitoba,Economic - Federal High Skilled,535
2024,3,Manitoba,Economic - Provincial Nominee Program,553
2024,3,Manitoba,Sponsored Family,407
2024,3,Manitoba,Resettled Refugee & Protected Person,267
2024,3,Manitoba,Economic - Canadian Experience Class,87
2024,3,Manitoba,All Other Immigration,40
2024,3,Saskatchewan,Economic - Federal High Skilled,524
2024,3,Saskatchewan,Economic - Provincial Nominee Program,442
2024,3,Saskatchewan,Sponsored Family,310
2024,3,Saskatchewan,Resettled Refugee & Protected Person,190
2024,3,Saskatchewan,Economic - Canadian Experience Class,90
2024,3,Saskatchewan,All Other Immigration,33
2024,3,Nova Scotia,Economic - Federal High Skilled,348
2024,3,Nova Scotia,Economic - Provincial Nominee Program,344
2024,3,Nova Scotia,Sponsored Family,230
2024,3,Nova Scotia,Resettled Refugee & Protected Person,165
2024,3,Nova Scotia,Economic - Canadian Experience Class,54
2024,3,Nova Scotia,All Other Immigration,21
2024,3,New Brunswick,Economic - Federal High Skilled,263
2024,3,New Brunswick,Economic - Provincial Nominee Program,277
2024,3,New Brunswick,Sponsored Family,251
2024,3,New Brunswick,Resettled Refugee & Protected Person,148
2024,3,New Brunswick,Economic - Canadian Experience Class,43
2024,3,New Brunswick,All Other Immigration,19
2024,3,Newfoundland and Labrador,Economic - Federal High Skilled,120
2024,3,Newfoundland and Labrador,Economic - Provincial Nominee Program,103
2024,3,Newfoundland and Labrador,Sponsored Family,92
2024,3,Newfoundland and Labrador,Resettled Refugee & Protected Person,54
2024,3,Newfoundland and Labrador,Economic - Canadian Experience Class,18
2024,3,Newfoundland and Labrador,All Other Immigration,8
2024,3,Prince Edward Island,Economic - Federal High Skilled,91
2024,3,Prince Edward Island,Economic - Provincial Nominee Program,76
2024,3,Prince Edward Island,Sponsored Family,69
2024,3,Prince Edward Island,Resettled Refugee & Protected Person,40
2024,3,Prince Edward Island,Economic - Canadian Experience Class,16
2024,3,Prince Edward Island,All Other Immigration,6
2024,4,Ontario,Economic - Federal High Skilled,6329
2024,4,Ontario,Economic - Provincial Nominee Program,3890
2024,4,Ontario,Sponsored Family,4331
2024,4,Ontario,Resettled Refugee & Protected Person,2485
2024,4,Ontario,Economic - Canadian Experience Class,771
2024,4,Ontario,All Other Immigration,343
2024,4,Quebec,Economic - Federal High Skilled,1775
2024,4,Quebec,Economic - Provincial Nominee Program,1414
2024,4,Quebec,Sponsored Family,958
2024,4,Quebec,Resettled Refugee & Protected Person,755
2024,4,Quebec,Economic - Canadian Experience Class,259
2024,4,Quebec,All Other Immigration,119
2024,4,British Columbia,Economic - Federal High Skilled,1890
2024,4,British Columbia,Economic - Provincial Nominee Program,1772
2024,4,British Columbia,Sponsored Family,1462
2024,4,British Columbia,Resettled Refugee & Protected Person,848
2024,4,British Columbia,Economic - Canadian Experience Class,335
2024,4,British Columbia,All Other Immigration,133
2024,4,Alberta,Economic - Federal High Skilled,1634
2024,4,Alberta,Economic - Provincial Nominee Program,1295
2024,4,Alberta,Sponsored Family,1116
2024,4,Alberta,Resettled Refugee & Protected Person,753
2024,4,Alberta,Economic - Canadian Experience Class,251
2024,4,Alberta,All Other Immigration,109
2024,4,Manitoba,Economic - Federal High Skilled,673
2024,4,Manitoba,Economic - Provincial Nominee Program,465
2024,4,Manitoba,Sponsored Family,430
2024,4,Manitoba,Resettled Refugee & Protected Person,288
2024,4,Manitoba,Economic - Canadian Experience Class,108
2024,4,Manitoba,All Other Immigration,34
2024,4,Saskatchewan,Economic - Federal High Skilled,474
2024,4,Saskatchewan,Economic - Provincial Nominee Program,435
2024,4,Saskatchewan,Sponsored Family,310
2024,4,Saskatchewan,Resettled Refugee & Protected Person,194
2024,4,Saskatchewan,Economic - Canadian Experience Class,81
2024,4,Saskatchewan,All Other Immigration,37
2024,4,Nova Scotia,Economic - Federal High Skilled,388
2024,4,Nova Scotia,Economic - Provincial Nominee Program,344
2024,4,Nova Scotia,Sponsored Family,295
2024,4,Nova Scotia,Resettled Refugee & Protected Person,153
2024,4,Nova Scotia,Economic - Canadian Experience Class,67
2024,4,Nova Scotia,All Other Immigration,23
2024,4,New Brunswick,Economic - Federal High Skilled,355
2024,4,New Brunswick,Economic - Provincial Nominee Program,272
2024,4,New Brunswick,Sponsored Family,207
2024,4,New Brunswick,Resettled Refugee & Protected Person,120
2024,4,New Brunswick,Economic - Canadian Experience Class,58
2024,4,New Brunswick,All Other Immigration,17
2024,4,Newfoundland and Labrador,Economic - Federal High Skilled,149
2024,4,Newfoundland and Labrador,Economic - Provincial Nominee Program,112
2024,4,Newfoundland and Labrador,Sponsored Family,95
2024,4,Newfoundland and Labrador,Resettled Refugee & Protected Person,65
2024,4,Newfoundland and Labrador,Economic - Canadian Experience Class,23
2024,4,Newfoundland and Labrador,All Other Immigration,8
2024,4,Prince Edward Island,Economic - Federal High Skilled,97
2024,4,Prince Edward Island,Economic - Provincial Nominee Program,88
2024,4,Prince Edward Island,Sponsored Family,58
2024,4,Prince Edward Island,Resettled Refugee & Protected Person,45
2024,4,Prince Edward Island,Economic - Canadian Experience Class,15
2024,4,Prince Edward Island,All Other Immigration,6
2024,5,Ontario,Economic - Federal High Skilled,5709
2024,5,Ontario,Economic - Provincial Nominee Program,4327
2024,5,Ontario,Sponsored Family,4124
2024,5,Ontario,Resettled Refugee & Protected Person,2724
2024,5,Ontario,Economic - Canadian Experience Class,721
2024,5,Ontario,All Other Immigration,303
2024,5,Quebec,Economic - Federal High Skilled,1379
2024,5,Quebec,Economic - Provincial Nominee Program,1479
2024,5,Quebec,Sponsored Family,1169
2024,5,Quebec,Resettled Refugee & Protected Person,836
2024,5,Quebec,Economic - Canadian Experience Class,233
2024,5,Quebec,All Other Immigration,87
2024,5,British Columbia,Economic - Federal High Skilled,2286
2024,5,British Columbia,Economic - Provincial Nominee Program,1835
2024,5,British Columbia,Sponsored Family,1307
2024,5,British Columbia,Resettled Refugee & Protected Person,866
2024,5,British Columbia,Economic - Canadian Experience Class,278
2024,5,British Columbia,All Other Immigration,148
2024,5,Alberta,Economic - Federal High Skilled,1427
2024,5,Alberta,Economic - Provincial Nominee Program,1196
2024,5,Alberta,Sponsored Family,902
2024,5,Alberta,Resettled Refugee & Protected Person,765
2024,5,Alberta,Economic - Canadian Experience Class,208
2024,5,Alberta,All Other Immigration,94
2024,5,Manitoba,Economic - Federal High Skilled,679
2024,5,Manitoba,Economic - Provincial Nominee Program,543
2024,5,Manitoba,Sponsored Family,510
2024,5,Manitoba,Resettled Refugee & Protected Person,271
2024,5,Manitoba,Economic - Canadian Experience Class,108
2024,5,Manitoba,All Other Immigration,35
2024,5,Saskatchewan,Economic - Federal High Skilled,496
2024,5,Saskatchewan,Economic - Provincial Nominee Program,342
2024,5,Saskatchewan,Sponsored Family,350
2024,5,Saskatchewan,Resettled Refugee & Protected Person,216
2024,5,Saskatchewan,Economic - Canadian Experience Class,93
2024,5,Saskatchewan,All Other Immigration,26
2024,5,Nova Scotia,Economic - Federal High Skilled,366
2024,5,Nova Scotia,Economic - Provincial Nominee Program,293
2024,5,Nova Scotia,Sponsored Family,306
2024,5,Nova Scotia,Resettled Refugee & Protected Person,189
2024,5,Nova Scotia,Economic - Canadian Experience Class,51
2024,5,Nova Scotia,All Other Immigration,25
2024,5,New Brunswick,Economic - Federal High Skilled,325
2024,5,New Brunswick,Economic - Provincial Nominee Program,293
2024,5,New Brunswick,Sponsored Family,208
2024,5,New Brunswick,Resettled Refugee & Protected Person,134
2024,5,New Brunswick,Economic - Canadian Experience Class,44
2024,5,New Brunswick,All Other Immigration,17
2024,5,Newfoundland and Labrador,Economic - Federal High Skilled,144
2024,5,Newfoundland and Labrador,Economic - Provincial Nominee Program,98
2024,5,Newfoundland and Labrador,Sponsored Family,93
2024,5,Newfoundland and Labrador,Resettled Refugee & Protected Person,58
2024,5,Newfoundland and Labrador,Economic - Canadian Experience Class,20
2024,5,Newfoundland and Labrador,All Other Immigration,6
2024,5,Prince Edward Island,Economic - Federal High Skilled,112
2024,5,Prince Edward Island,Economic - Provincial Nominee Program,72
2024,5,Prince Edward Island,Sponsored Family,60
2024,5,Prince Edward Island,Resettled Refugee & Protected Person,45
2024,5,Prince Edward Island,Economic - Canadian Experience Class,13
2024,5,Prince Edward Island,All Other Immigration,7
2024,6,Ontario,Economic - Federal High Skilled,4809
2024,6,Ontario,Economic - Provincial Nominee Program,3770
2024,6,Ontario,Sponsored Family,4187
2024,6,Ontario,Resettled Refugee & Protected Person,2206
2024,6,Ontario,Economic - Canadian Experience Class,733
2024,6,Ontario,All Other Immigration,384
2024,6,Quebec,Economic - Federal High Skilled,1366
2024,6,Quebec,Economic - Provincial Nominee Program,1467
2024,6,Quebec,Sponsored Family,997
2024,6,Quebec,Resettled Refugee & Protected Person,631
2024,6,Quebec,Economic - Canadian Experience Class,236
2024,6,Quebec,All Other Immigration,91
2024,6,British Columbia,Economic - Federal High Skilled,2166
2024,6,British Columbia,Economic - Provincial Nominee Program,1326
2024,6,British Columbia,Sponsored Family,1162
2024,6,British Columbia,Resettled Refugee & Protected Person,989
2024,6,British Columbia,Economic - Canadian Experience Class,289
2024,6,British Columbia,All Other Immigration,119
2024,6,Alberta,Economic - Federal High Skilled,1355
2024,6,Alberta,Economic - Provincial Nominee Program,1006
2024,6,Alberta,Sponsored Family,1147
2024,6,Alberta,Resettled Refugee & Protected Person,678
2024,6,Alberta,Economic - Canadian Experience Class,261
2024,6,Alberta,All Other Immigration,95
2024,6,Manitoba,Economic - Federal High Skilled,704
2024,6,Manitoba,Economic - Provincial Nominee Program,502
2024,6,Manitoba,Sponsored Family,378
2024,6,Manitoba,Resettled Refugee & Protected Person,280
2024,6,Manitoba,Economic - Canadian Experience Class,116
2024,6,Manitoba,All Other Immigration,33
2024,6,Saskatchewan,Economic - Federal High Skilled,564
2024,6,Saskatchewan,Economic - Provincial Nominee Program,452
2024,6,Saskatchewan,Sponsored Family,354
2024,6,Saskatchewan,Resettled Refugee & Protected Person,220
2024,6,Saskatchewan,Economic - Canadian Experience Class,93
2024,6,Saskatchewan,All Other Immigration,26
2024,6,Nova Scotia,Economic - Federal High Skilled,381
2024,6,Nova Scotia,Economic - Provincial Nominee Program,289
2024,6,Nova Scotia,Sponsored Family,281
2024,6,Nova Scotia,Resettled Refugee & Protected Person,167
2024,6,Nova Scotia,Economic - Canadian Experience Class,68
2024,6,Nova Scotia,All Other Immigration,20
2024,6,New Brunswick,Economic - Federal High Skilled,271
2024,6,New Brunswick,Economic - Provincial Nominee Program,259
2024,6,New Brunswick,Sponsored Family,185
2024,6,New Brunswick,Resettled Refugee & Protected Person,128
2024,6,New Brunswick,Economic - Canadian Experience Class,52
2024,6,New Brunswick,All Other Immigration,20
2024,6,Newfoundland and Labrador,Economic - Federal High Skilled,119
2024,6,Newfoundland and Labrador,Economic - Provincial Nominee Program,117
2024,6,Newfoundland and Labrador,Sponsored Family,88
2024,6,Newfoundland and Labrador,Resettled Refugee & Protected Person,55
2024,6,Newfoundland and Labrador,Economic - Canadian Experience Class,20
2024,6,Newfoundland and Labrador,All Other Immigration,6
2024,6,Prince Edward Island,Economic - Federal High Skilled,109
2024,6,Prince Edward Island,Economic - Provincial Nominee Program,90
2024,6,Prince Edward Island,Sponsored Family,74
2024,6,Prince Edward Island,Resettled Refugee & Protected Person,49
2024,6,Prince Edward Island,Economic - Canadian Experience Class,17
2024,6,Prince Edward Island,All Other Immigration,5
2024,7,Ontario,Economic - Federal High Skilled,5282
2024,7,Ontario,Economic - Provincial Nominee Program,3789
2024,7,Ontario,Sponsored Family,3481
2024,7,Ontario,Resettled Refugee & Protected Person,2312
2024,7,Ontario,Economic - Canadian Experience Class,814
2024,7,Ontario,All Other Immigration,287
2024,7,Quebec,Economic - Federal High Skilled,1620
2024,7,Quebec,Economic - Provincial Nominee Program,1377
2024,7,Quebec,Sponsored Family,1092
2024,7,Quebec,Resettled Refugee & Protected Person,636
2024,7,Quebec,Economic - Canadian Experience Class,299
2024,7,Quebec,All Other Immigration,87
2024,7,British Columbia,Economic - Federal High Skilled,2292
2024,7,British Columbia,Economic - Provincial Nominee Program,1365
2024,7,British Columbia,Sponsored Family,1203
2024,7,British Columbia,Resettled Refugee & Protected Person,973
2024,7,British Columbia,Economic - Canadian Experience Class,355
2024,7,British Columbia,All Other Immigration,130
2024,7,Alberta,Economic - Federal High Skilled,1583
2024,7,Alberta,Economic - Provincial Nominee Program,1226
2024,7,Alberta,Sponsored Family,991
2024,7,Alberta,Resettled Refugee & Protected Person,580
2024,7,Alberta,Economic - Canadian Experience Class,227
2024,7,Alberta,All Other Immigration,101
2024,7,Manitoba,Economic - Federal High Skilled,697
2024,7,Manitoba,Economic - Provincial Nominee Program,566
2024,7,Manitoba,Sponsored Family,475
2024,7,Manitoba,Resettled Refugee & Protected Person,327
2024,7,Manitoba,Economic - Canadian Experience Class,103
2024,7,Manitoba,All Other Immigration,37
2024,7,Saskatchewan,Economic - Federal High Skilled,526
2024,7,Saskatchewan,Economic - Provincial Nominee Program,358
2024,7,Saskatchewan,Sponsored Family,371
2024,7,Saskatchewan,Resettled Refugee & Protected Person,201
2024,7,Saskatchewan,Economic - Canadian Experience Class,68
2024,7,Saskatchewan,All Other Immigration,35
2024,7,Nova Scotia,Economic - Federal High Skilled,365
2024,7,Nova Scotia,Economic - Provincial Nominee Program,328
2024,7,Nova Scotia,Sponsored Family,271
2024,7,Nova Scotia,Resettled Refugee & Protected Person,186
2024,7,Nova Scotia,Economic - Canadian Experience Class,67
2024,7,Nova Scotia,All Other Immigration,28
2024,7,New Brunswick,Economic - Federal High Skilled,356
2024,7,New Brunswick,Economic - Provincial Nominee Program,260
2024,7,New Brunswick,Sponsored Family,231
2024,7,New Brunswick,Resettled Refugee & Protected Person,116
2024,7,New Brunswick,Economic - Canadian Experience Class,57
2024,7,New Brunswick,All Other Immigration,22
2024,7,Newfoundland and Labrador,Economic - Federal High Skilled,117
2024,7,Newfoundland and Labrador,Economic - Provincial Nominee Program,88
2024,7,Newfoundland and Labrador,Sponsored Family,94
2024,7,Newfoundland and Labrador,Resettled Refugee & Protected Person,52
2024,7,Newfoundland and Labrador,Economic - Canadian Experience Class,18
2024,7,Newfoundland and Labrador,All Other Immigration,6
2024,7,Prince Edward Island,Economic - Federal High Skilled,116
2024,7,Prince Edward Island,Economic - Provincial Nominee Program,81
2024,7,Prince Edward Island,Sponsored Family,67
2024,7,Prince Edward Island,Resettled Refugee & Protected Person,39
2024,7,Prince Edward Island,Economic - Canadian Experience Class,16
2024,7,Prince Edward Island,All Other Immigration,5
2024,8,Ontario,Economic - Federal High Skilled,5852
2024,8,Ontario,Economic - Provincial Nominee Program,3769
2024,8,Ontario,Sponsored Family,3589
2024,8,Ontario,Resettled Refugee & Protected Person,2217
2024,8,Ontario,Economic - Canadian Experience Class,800
2024,8,Ontario,All Other Immigration,362
2024,8,Quebec,Economic - Federal High Skilled,1829
2024,8,Quebec,Economic - Provincial Nominee Program,1331
2024,8,Quebec,Sponsored Family,973
2024,8,Quebec,Resettled Refugee & Protected Person,610
2024,8,Quebec,Economic - Canadian Experience Class,227
2024,8,Quebec,All Other Immigration,108
2024,8,British Columbia,Economic - Federal High Skilled,2176
2024,8,British Columbia,Economic - Provincial Nominee Program,1468
2024,8,British Columbia,Sponsored Family,1490
2024,8,British Columbia,Resettled Refugee & Protected Person,891
2024,8,British Columbia,Economic - Canadian Experience Class,313
2024,8,British Columbia,All Other Immigration,117
2024,8,Alberta,Economic - Federal High Skilled,1676
2024,8,Alberta,Economic - Provincial Nominee Program,1033
2024,8,Alberta,Sponsored Family,1029
2024,8,Alberta,Resettled Refugee & Protected Person,619
2024,8,Alberta,Economic - Canadian Experience Class,255
2024,8,Alberta,All Other Immigration,95
2024,8,Manitoba,Economic - Federal High Skilled,678
2024,8,Manitoba,Economic - Provincial Nominee Program,418
2024,8,Manitoba,Sponsored Family,423
2024,8,Manitoba,Resettled Refugee & Protected Person,290
2024,8,Manitoba,Economic - Canadian Experience Class,82
2024,8,Manitoba,All Other Immigration,37
2024,8,Saskatchewan,Economic - Federal High Skilled,458
2024,8,Saskatchewan,Economic - Provincial Nominee Program,347
2024,8,Saskatchewan,Sponsored Family,321
2024,8,Saskatchewan,Resettled Refugee & Protected Person,210
2024,8,Saskatchewan,Economic - Canadian Experience Class,65
2024,8,Saskatchewan,All Other Immigration,34
2024,8,Nova Scotia,Economic - Federal High Skilled,339
2024,8,Nova Scotia,Economic - Provincial Nominee Program,287
2024,8,Nova Scotia,Sponsored Family,283
2024,8,Nova Scotia,Resettled Refugee & Protected Person,168
2024,8,Nova Scotia,Economic - Canadian Experience Class,67
2024,8,Nova Scotia,All Other Immigration,26
2024,8,New Brunswick,Economic - Federal High Skilled,270
2024,8,New Brunswick,Economic - Provincial Nominee Program,282
2024,8,New Brunswick,Sponsored Family,183
2024,8,New Brunswick,Resettled Refugee & Protected Person,115
2024,8,New Brunswick,Economic - Canadian Experience Class,57
2024,8,New Brunswick,All Other Immigration,22
2024,8,Newfoundland and Labrador,Economic - Federal High Skilled,131
2024,8,Newfoundland and Labrador,Economic - Provincial Nominee Program,102
2024,8,Newfoundland and Labrador,Sponsored Family,94
2024,8,Newfoundland and Labrador,Resettled Refugee & Protected Person,54
2024,8,Newfoundland and Labrador,Economic - Canadian Experience Class,17
2024,8,Newfoundland and Labrador,All Other Immigration,6
2024,8,Prince Edward Island,Economic - Federal High Skilled,95
2024,8,Prince Edward Island,Economic - Provincial Nominee Program,88
2024,8,Prince Edward Island,Sponsored Family,73
2024,8,Prince Edward Island,Resettled Refugee & Protected Person,50
2024,8,Prince Edward Island,Economic - Canadian Experience Class,18
2024,8,Prince Edward Island,All Other Immigration,5
2024,9,Ontario,Economic - Federal High Skilled,6042
2024,9,Ontario,Economic - Provincial Nominee Program,3811
2024,9,Ontario,Sponsored Family,3814
2024,9,Ontario,Resettled Refugee & Protected Person,2372
2024,9,Ontario,Economic - Canadian Experience Class,808
2024,9,Ontario,All Other Immigration,313
2024,9,Quebec,Economic - Federal High Skilled,1567
2024,9,Quebec,Economic - Provincial Nominee Program,1221
2024,9,Quebec,Sponsored Family,1007
2024,9,Quebec,Resettled Refugee & Protected Person,730
2024,9,Quebec,Economic - Canadian Experience Class,223
2024,9,Quebec,All Other Immigration,104
2024,9,British Columbia,Economic - Federal High Skilled,2347
2024,9,British Columbia,Economic - Provincial Nominee Program,1513
2024,9,British Columbia,Sponsored Family,1523
2024,9,British Columbia,Resettled Refugee & Protected Person,998
2024,9,British Columbia,Economic - Canadian Experience Class,356
2024,9,British Columbia,All Other Immigration,115
2024,9,Alberta,Economic - Federal High Skilled,1340
2024,9,Alberta,Economic - Provincial Nominee Program,1069
2024,9,Alberta,Sponsored Family,1094
2024,9,Alberta,Resettled Refugee & Protected Person,734
2024,9,Alberta,Economic - Canadian Experience Class,253
2024,9,Alberta,All Other Immigration,84
2024,9,Manitoba,Economic - Federal High Skilled,702
2024,9,Manitoba,Economic - Provincial Nominee Program,498
2024,9,Manitoba,Sponsored Family,480
2024,9,Manitoba,Resettled Refugee & Protected Person,306
2024,9,Manitoba,Economic - Canadian Experience Class,98
2024,9,Manitoba,All Other Immigration,46
2024,9,Saskatchewan,Economic - Federal High Skilled,523
2024,9,Saskatchewan,Economic - Provincial Nominee Program,419
2024,9,Saskatchewan,Sponsored Family,367
2024,9,Saskatchewan,Resettled Refugee & Protected Person,253
2024,9,Saskatchewan,Economic - Canadian Experience Class,83
2024,9,Saskatchewan,All Other Immigration,27
2024,9,Nova Scotia,Economic - Federal High Skilled,324
2024,9,Nova Scotia,Economic - Provincial Nominee Program,293
2024,9,Nova Scotia,Sponsored Family,245
2024,9,Nova Scotia,Resettled Refugee & Protected Person,154
2024,9,Nova Scotia,Economic - Canadian Experience Class,50
2024,9,Nova Scotia,All Other Immigration,24
2024,9,New Brunswick,Economic - Federal High Skilled,298
2024,9,New Brunswick,Economic - Provincial Nominee Program,245
2024,9,New Brunswick,Sponsored Family,184
2024,9,New Brunswick,Resettled Refugee & Protected Person,156
2024,9,New Brunswick,Economic - Canadian Experience Class,42
2024,9,New Brunswick,All Other Immigration,22
2024,9,Newfoundland and Labrador,Economic - Federal High Skilled,144
2024,9,Newfoundland and Labrador,Economic - Provincial Nominee Program,104
2024,9,Newfoundland and Labrador,Sponsored Family,88
2024,9,Newfoundland and Labrador,Resettled Refugee & Protected Person,55
2024,9,Newfoundland and Labrador,Economic - Canadian Experience Class,20
2024,9,Newfoundland and Labrador,All Other Immigration,8
2024,9,Prince Edward Island,Economic - Federal High Skilled,116
2024,9,Prince Edward Island,Economic - Provincial Nominee Program,78
2024,9,Prince Edward Island,Sponsored Family,78
2024,9,Prince Edward Island,Resettled Refugee & Protected Person,47
2024,9,Prince Edward Island,Economic - Canadian Experience Class,14
2024,9,Prince Edward Island,All Other Immigration,6
2024,10,Ontario,Economic - Federal High Skilled,4700
2024,10,Ontario,Economic - Provincial Nominee Program,3537
2024,10,Ontario,Sponsored Family,3168
2024,10,Ontario,Resettled Refugee & Protected Person,2689
2024,10,Ontario,Economic - Canadian Experience Class,792
2024,10,Ontario,All Other Immigration,361
2024,10,Quebec,Economic - Federal High Skilled,1666
2024,10,Quebec,Economic - Provincial Nominee Program,1146
2024,10,Quebec,Sponsored Family,1040
2024,10,Quebec,Resettled Refugee & Protected Person,711
2024,10,Quebec,Economic - Canadian Experience Class,254
2024,10,Quebec,All Other Immigration,104
2024,10,British Columbia,Economic - Federal High Skilled,1796
2024,10,British Columbia,Economic - Provincial Nominee Program,1526
2024,10,British Columbia,Sponsored Family,1297
2024,10,British Columbia,Resettled Refugee & Protected Person,866
2024,10,British Columbia,Economic - Canadian Experience Class,301
2024,10,British Columbia,All Other Immigration,132
2024,10,Alberta,Economic - Federal High Skilled,1695
2024,10,Alberta,Economic - Provincial Nominee Program,1263
2024,10,Alberta,Sponsored Family,890
2024,10,Alberta,Resettled Refugee & Protected Person,573
2024,10,Alberta,Economic - Canadian Experience Class,255
2024,10,Alberta,All Other Immigration,88
2024,10,Manitoba,Economic - Federal High Skilled,691
2024,10,Manitoba,Economic - Provincial Nominee Program,528
2024,10,Manitoba,Sponsored Family,504
2024,10,Manitoba,Resettled Refugee & Protected Person,317
2024,10,Manitoba,Economic - Canadian Experience Class,94
2024,10,Manitoba,All Other Immigration,41
2024,10,Saskatchewan,Economic - Federal High Skilled,445
2024,10,Saskatchewan,Economic - Provincial Nominee Program,378
2024,10,Saskatchewan,Sponsored Family,411
2024,10,Saskatchewan,Resettled Refugee & Protected Person,240
2024,10,Saskatchewan,Economic - Canadian Experience Class,76
2024,10,Saskatchewan,All Other Immigration,33
2024,10,Nova Scotia,Economic - Federal High Skilled,444
2024,10,Nova Scotia,Economic - Provincial Nominee Program,279
2024,10,Nova Scotia,Sponsored Family,252
2024,10,Nova Scotia,Resettled Refugee & Protected Person,185
2024,10,Nova Scotia,Economic - Canadian Experience Class,66
2024,10,Nova Scotia,All Other Immigration,25
2024,10,New Brunswick,Economic - Federal High Skilled,357
2024,10,New Brunswick,Economic - Provincial Nominee Program,271
2024,10,New Brunswick,Sponsored Family,234
2024,10,New Brunswick,Resettled Refugee & Protected Person,141
2024,10,New Brunswick,Economic - Canadian Experience Class,52
2024,10,New Brunswick,All Other Immigration,19
2024,10,Newfoundland and Labrador,Economic - Federal High Skilled,121
2024,10,Newfoundland and Labrador,Economic - Provincial Nominee Program,95
2024,10,Newfoundland and Labrador,Sponsored Family,77
2024,10,Newfoundland and Labrador,Resettled Refugee & Protected Person,50
2024,10,Newfoundland and Labrador,Economic - Canadian Experience Class,23
2024,10,Newfoundland and Labrador,All Other Immigration,7
2024,10,Prince Edward Island,Economic - Federal High Skilled,92
2024,10,Prince Edward Island,Economic - Provincial Nominee Program,69
2024,10,Prince Edward Island,Sponsored Family,59
2024,10,Prince Edward Island,Resettled Refugee & Protected Person,50
2024,10,Prince Edward Island,Economic - Canadian Experience Class,13
2024,10,Prince Edward Island,All Other Immigration,7
2024,11,Ontario,Economic - Federal High Skilled,6024
2024,11,Ontario,Economic - Provincial Nominee Program,4780
2024,11,Ontario,Sponsored Family,3080
2024,11,Ontario,Resettled Refugee & Protected Person,2213
2024,11,Ontario,Economic - Canadian Experience Class,920
2024,11,Ontario,All Other Immigration,291
2024,11,Quebec,Economic - Federal High Skilled,1590
2024,11,Quebec,Economic - Provincial Nominee Program,1141
2024,11,Quebec,Sponsored Family,1280
2024,11,Quebec,Resettled Refugee & Protected Person,799
2024,11,Quebec,Economic - Canadian Experience Class,288
2024,11,Quebec,All Other Immigration,91
2024,11,British Columbia,Economic - Federal High Skilled,2002
2024,11,British Columbia,Economic - Provincial Nominee Program,1548
2024,11,British Columbia,Sponsored Family,1497
2024,11,British Columbia,Resettled Refugee & Protected Person,811
2024,11,British Columbia,Economic - Canadian Experience Class,313
2024,11,British Columbia,All Other Immigration,118
2024,11,Alberta,Economic - Federal High Skilled,1673
2024,11,Alberta,Economic - Provincial Nominee Program,1177
2024,11,Alberta,Sponsored Family,1068
2024,11,Alberta,Resettled Refugee & Protected Person,625
2024,11,Alberta,Economic - Canadian Experience Class,266
2024,11,Alberta,All Other Immigration,94
2024,11,Manitoba,Economic - Federal High Skilled,717
2024,11,Manitoba,Economic - Provincial Nominee Program,476
2024,11,Manitoba,Sponsored Family,510
2024,11,Manitoba,Resettled Refugee & Protected Person,328
2024,11,Manitoba,Economic - Canadian Experience Class,98
2024,11,Manitoba,All Other Immigration,36
2024,11,Saskatchewan,Economic - Federal High Skilled,490
2024,11,Saskatchewan,Economic - Provincial Nominee Program,403
2024,11,Saskatchewan,Sponsored Family,411
2024,11,Saskatchewan,Resettled Refugee & Protected Person,249
2024,11,Saskatchewan,Economic - Canadian Experience Class,88
2024,11,Saskatchewan,All Other Immigration,27
2024,11,Nova Scotia,Economic - Federal High Skilled,349
2024,11,Nova Scotia,Economic - Provincial Nominee Program,315
2024,11,Nova Scotia,Sponsored Family,299
2024,11,Nova Scotia,Resettled Refugee & Protected Person,171
2024,11,Nova Scotia,Economic - Canadian Experience Class,51
2024,11,Nova Scotia,All Other Immigration,26
2024,11,New Brunswick,Economic - Federal High Skilled,360
2024,11,New Brunswick,Economic - Provincial Nominee Program,230
2024,11,New Brunswick,Sponsored Family,240
2024,11,New Brunswick,Resettled Refugee & Protected Person,128
2024,11,New Brunswick,Economic - Canadian Experience Class,57
2024,11,New Brunswick,All Other Immigration,17
2024,11,Newfoundland and Labrador,Economic - Federal High Skilled,125
2024,11,Newfoundland and Labrador,Economic - Provincial Nominee Program,116
2024,11,Newfoundland and Labrador,Sponsored Family,79
2024,11,Newfoundland and Labrador,Resettled Refugee & Protected Person,55
2024,11,Newfoundland and Labrador,Economic - Canadian Experience Class,18
2024,11,Newfoundland and Labrador,All Other Immigration,6
2024,11,Prince Edward Island,Economic - Federal High Skilled,85
2024,11,Prince Edward Island,Economic - Provincial Nominee Program,80
2024,11,Prince Edward Island,Sponsored Family,63
2024,11,Prince Edward Island,Resettled Refugee & Protected Person,52
2024,11,Prince Edward Island,Economic - Canadian Experience Class,15
2024,11,Prince Edward Island,All Other Immigration,5
2024,12,Ontario,Economic - Federal High Skilled,6209
2024,12,Ontario,Economic - Provincial Nominee Program,4712
2024,12,Ontario,Sponsored Family,3895
2024,12,Ontario,Resettled Refugee & Protected Person,2598
2024,12,Ontario,Economic - Canadian Experience Class,730
2024,12,Ontario,All Other Immigration,310
2024,12,Quebec,Economic - Federal High Skilled,1861
2024,12,Quebec,Economic - Provincial Nominee Program,1391
2024,12,Quebec,Sponsored Family,995
2024,12,Quebec,Resettled Refugee & Protected Person,781
2024,12,Quebec,Economic - Canadian Experience Class,255
2024,12,Quebec,All Other Immigration,85
2024,12,British Columbia,Economic - Federal High Skilled,1737
2024,12,British Columbia,Economic - Provincial Nominee Program,1459
2024,12,British Columbia,Sponsored Family,1577
2024,12,British Columbia,Resettled Refugee & Protected Person,911
2024,12,British Columbia,Economic - Canadian Experience Class,346
2024,12,British Columbia,All Other Immigration,129
2024,12,Alberta,Economic - Federal High Skilled,1321
2024,12,Alberta,Economic - Provincial Nominee Program,1108
2024,12,Alberta,Sponsored Family,980
2024,12,Alberta,Resettled Refugee & Protected Person,562
2024,12,Alberta,Economic - Canadian Experience Class,233
2024,12,Alberta,All Other Immigration,106
2024,12,Manitoba,Economic - Federal High Skilled,630
2024,12,Manitoba,Economic - Provincial Nominee Program,429
2024,12,Manitoba,Sponsored Family,504
2024,12,Manitoba,Resettled Refugee & Protected Person,289
2024,12,Manitoba,Economic - Canadian Experience Class,82
2024,12,Manitoba,All Other Immigration,40
2024,12,Saskatchewan,Economic - Federal High Skilled,464
2024,12,Saskatchewan,Economic - Provincial Nominee Program,348
2024,12,Saskatchewan,Sponsored Family,343
2024,12,Saskatchewan,Resettled Refugee & Protected Person,233
2024,12,Saskatchewan,Economic - Canadian Experience Class,72
2024,12,Saskatchewan,All Other Immigration,31
2024,12,Nova Scotia,Economic - Federal High Skilled,406
2024,12,Nova Scotia,Economic - Provincial Nominee Program,255
2024,12,Nova Scotia,Sponsored Family,309
2024,12,Nova Scotia,Resettled Refugee & Protected Person,141
2024,12,Nova Scotia,Economic - Canadian Experience Class,60
2024,12,Nova Scotia,All Other Immigration,24
2024,12,New Brunswick,Economic - Federal High Skilled,376
2024,12,New Brunswick,Economic - Provincial Nominee Program,254
2024,12,New Brunswick,Sponsored Family,211
2024,12,New Brunswick,Resettled Refugee & Protected Person,138
2024,12,New Brunswick,Economic - Canadian Experience Class,52
2024,12,New Brunswick,All Other Immigration,23
2024,12,Newfoundland and Labrador,Economic - Federal High Skilled,116
2024,12,Newfoundland and Labrador,Economic - Provincial Nominee Program,82
2024,12,Newfoundland and Labrador,Sponsored Family,97
2024,12,Newfoundland and Labrador,Resettled Refugee & Protected Person,52
2024,12,Newfoundland and Labrador,Economic - Canadian Experience Class,21
2024,12,Newfoundland and Labrador,All Other Immigration,8
2024,12,Prince Edward Island,Economic - Federal High Skilled,112
2024,12,Prince Edward Island,Economic - Provincial Nominee Program,86
2024,12,Prince Edward Island,Sponsored Family,66
2024,12,Prince Edward Island,Resettled Refugee & Protected Person,37
2024,12,Prince Edward Island,Economic - Canadian Experience Class,16
2024,12,Prince Edward Island,All Other Immigration,7
2025,1,Ontario,Economic - Federal High Skilled,3916
2025,1,Ontario,Economic - Provincial Nominee Program,3813
2025,1,Ontario,Sponsored Family,3010
2025,1,Ontario,Resettled Refugee & Protected Person,2076
2025,1,Ontario,Economic - Canadian Experience Class,725
2025,1,Ontario,All Other Immigration,308
2025,1,Quebec,Economic - Federal High Skilled,1156
2025,1,Quebec,Economic - Provincial Nominee Program,1179
2025,1,Quebec,Sponsored Family,929
2025,1,Quebec,Resettled Refugee & Protected Person,555
2025,1,Quebec,Economic - Canadian Experience Class,179
2025,1,Quebec,All Other Immigration,76
2025,1,British Columbia,Economic - Federal High Skilled,1410
2025,1,British Columbia,Economic - Provincial Nominee Program,1525
2025,1,British Columbia,Sponsored Family,1168
2025,1,British Columbia,Resettled Refugee & Protected Person,869
2025,1,British Columbia,Economic - Canadian Experience Class,268
2025,1,British Columbia,All Other Immigration,96
2025,1,Alberta,Economic - Federal High Skilled,1382
2025,1,Alberta,Economic - Provincial Nominee Program,879
2025,1,Alberta,Sponsored Family,826
2025,1,Alberta,Resettled Refugee & Protected Person,610
2025,1,Alberta,Economic - Canadian Experience Class,224
2025,1,Alberta,All Other Immigration,74
2025,1,Manitoba,Economic - Federal High Skilled,456
2025,1,Manitoba,Economic - Provincial Nominee Program,392
2025,1,Manitoba,Sponsored Family,413
2025,1,Manitoba,Resettled Refugee & Protected Person,251
2025,1,Manitoba,Economic - Canadian Experience Class,94
2025,1,Manitoba,All Other Immigration,31
2025,1,Saskatchewan,Economic - Federal High Skilled,494
2025,1,Saskatchewan,Economic - Provincial Nominee Program,329
2025,1,Saskatchewan,Sponsored Family,290
2025,1,Saskatchewan,Resettled Refugee & Protected Person,213
2025,1,Saskatchewan,Economic - Canadian Experience Class,66
2025,1,Saskatchewan,All Other Immigration,29
2025,1,Nova Scotia,Economic - Federal High Skilled,342
2025,1,Nova Scotia,Economic - Provincial Nominee Program,209
2025,1,Nova Scotia,Sponsored Family,225
2025,1,Nova Scotia,Resettled Refugee & Protected Person,154
2025,1,Nova Scotia,Economic - Canadian Experience Class,50
2025,1,Nova Scotia,All Other Immigration,18
2025,1,New Brunswick,Economic - Federal High Skilled,224
2025,1,New Brunswick,Economic - Provincial Nominee Program,218
2025,1,New Brunswick,Sponsored Family,168
2025,1,New Brunswick,Resettled Refugee & Protected Person,119
2025,1,New Brunswick,Economic - Canadian Experience Class,40
2025,1,New Brunswick,All Other Immigration,17
2025,1,Newfoundland and Labrador,Economic - Federal High Skilled,99
2025,1,Newfoundland and Labrador,Economic - Provincial Nominee Program,68
2025,1,Newfoundland and Labrador,Sponsored Family,82
2025,1,Newfoundland and Labrador,Resettled Refugee & Protected Person,43
2025,1,Newfoundland and Labrador,Economic - Canadian Experience Class,19
2025,1,Newfoundland and Labrador,All Other Immigration,6
2025,1,Prince Edward Island,Economic - Federal High Skilled,99
2025,1,Prince Edward Island,Economic - Provincial Nominee Program,76
2025,1,Prince Edward Island,Sponsored Family,49
2025,1,Prince Edward Island,Resettled Refugee & Protected Person,38
2025,1,Prince Edward Island,Economic - Canadian Experience Class,12
2025,1,Prince Edward Island,All Other Immigration,5
2025,2,Ontario,Economic - Federal High Skilled,4721
2025,2,Ontario,Economic - Provincial Nominee Program,4029
2025,2,Ontario,Sponsored Family,2657
2025,2,Ontario,Resettled Refugee & Protected Person,2015
2025,2,Ontario,Economic - Canadian Experience Class,763
2025,2,Ontario,All Other Immigration,230
2025,2,Quebec,Economic - Federal High Skilled,1158
2025,2,Quebec,Economic - Provincial Nominee Program,1180
2025,2,Quebec,Sponsored Family,898
2025,2,Quebec,Resettled Refugee & Protected Person,575
2025,2,Quebec,Economic - Canadian Experience Class,219
2025,2,Quebec,All Other Immigration,89
2025,2,British Columbia,Economic - Federal High Skilled,1798
2025,2,British Columbia,Economic - Provincial Nominee Program,1533
2025,2,British Columbia,Sponsored Family,1108
2025,2,British Columbia,Resettled Refugee & Protected Person,809
2025,2,British Columbia,Economic - Canadian Experience Class,271
2025,2,British Columbia,All Other Immigration,106
2025,2,Alberta,Economic - Federal High Skilled,1220
2025,2,Alberta,Economic - Provincial Nominee Program,1043
2025,2,Alberta,Sponsored Family,792
2025,2,Alberta,Resettled Refugee & Protected Person,477
2025,2,Alberta,Economic - Canadian Experience Class,214
2025,2,Alberta,All Other Immigration,79
2025,2,Manitoba,Economic - Federal High Skilled,506
2025,2,Manitoba,Economic - Provincial Nominee Program,421
2025,2,Manitoba,Sponsored Family,331
2025,2,Manitoba,Resettled Refugee & Protected Person,211
2025,2,Manitoba,Economic - Canadian Experience Class,80
2025,2,Manitoba,All Other Immigration,38
2025,2,Saskatchewan,Economic - Federal High Skilled,389
2025,2,Saskatchewan,Economic - Provincial Nominee Program,379
2025,2,Saskatchewan,Sponsored Family,289
2025,2,Saskatchewan,Resettled Refugee & Protected Person,159
2025,2,Saskatchewan,Economic - Canadian Experience Class,74
2025,2,Saskatchewan,All Other Immigration,25
2025,2,Nova Scotia,Economic - Federal High Skilled,362
2025,2,Nova Scotia,Economic - Provincial Nominee Program,242
2025,2,Nova Scotia,Sponsored Family,185
2025,2,Nova Scotia,Resettled Refugee & Protected Person,147
2025,2,Nova Scotia,Economic - Canadian Experience Class,55
2025,2,Nova Scotia,All Other Immigration,18
2025,2,New Brunswick,Economic - Federal High Skilled,249
2025,2,New Brunswick,Economic - Provincial Nominee Program,173
2025,2,New Brunswick,Sponsored Family,184
2025,2,New Brunswick,Resettled Refugee & Protected Person,131
2025,2,New Brunswick,Economic - Canadian Experience Class,46
2025,2,New Brunswick,All Other Immigration,17
2025,2,Newfoundland and Labrador,Economic - Federal High Skilled,121
2025,2,Newfoundland and Labrador,Economic - Provincial Nominee Program,86
2025,2,Newfoundland and Labrador,Sponsored Family,80
2025,2,Newfoundland and Labrador,Resettled Refugee & Protected Person,46
2025,2,Newfoundland and Labrador,Economic - Canadian Experience Class,14
2025,2,Newfoundland and Labrador,All Other Immigration,5
2025,2,Prince Edward Island,Economic - Federal High Skilled,73
2025,2,Prince Edward Island,Economic - Provincial Nominee Program,72
2025,2,Prince Edward Island,Sponsored Family,48
2025,2,Prince Edward Island,Resettled Refugee & Protected Person,37
2025,2,Prince Edward Island,Economic - Canadian Experience Class,12
2025,2,Prince Edward Island,All Other Immigration,5
2025,3,Ontario,Economic - Federal High Skilled,4517
2025,3,Ontario,Economic - Provincial Nominee Program,3604
2025,3,Ontario,Sponsored Family,2594
2025,3,Ontario,Resettled Refugee & Protected Person,1807
2025,3,Ontario,Economic - Canadian Experience Class,817
2025,3,Ontario,All Other Immigration,299
2025,3,Quebec,Economic - Federal High Skilled,1385
2025,3,Quebec,Economic - Provincial Nominee Program,1176
2025,3,Quebec,Sponsored Family,1053
2025,3,Quebec,Resettled Refugee & Protected Person,508
2025,3,Quebec,Economic - Canadian Experience Class,250
2025,3,Quebec,All Other Immigration,90
2025,3,British Columbia,Economic - Federal High Skilled,1659
2025,3,British Columbia,Economic - Provincial Nominee Program,1405
2025,3,British Columbia,Sponsored Family,1096
2025,3,British Columbia,Resettled Refugee & Protected Person,839
2025,3,British Columbia,Economic - Canadian Experience Class,290
2025,3,British Columbia,All Other Immigration,110
2025,3,Alberta,Economic - Federal High Skilled,1122
2025,3,Alberta,Economic - Provincial Nominee Program,1156
2025,3,Alberta,Sponsored Family,850
2025,3,Alberta,Resettled Refugee & Protected Person,636
2025,3,Alberta,Economic - Canadian Experience Class,166
2025,3,Alberta,All Other Immigration,68
2025,3,Manitoba,Economic - Federal High Skilled,462
2025,3,Manitoba,Economic - Provincial Nominee Program,362
2025,3,Manitoba,Sponsored Family,339
2025,3,Manitoba,Resettled Refugee & Protected Person,248
2025,3,Manitoba,Economic - Canadian Experience Class,77
2025,3,Manitoba,All Other Immigration,38
2025,3,Saskatchewan,Economic - Federal High Skilled,482
2025,3,Saskatchewan,Economic - Provincial Nominee Program,371
2025,3,Saskatchewan,Sponsored Family,264
2025,3,Saskatchewan,Resettled Refugee & Protected Person,193
2025,3,Saskatchewan,Economic - Canadian Experience Class,67
2025,3,Saskatchewan,All Other Immigration,22
2025,3,Nova Scotia,Economic - Federal High Skilled,294
2025,3,Nova Scotia,Economic - Provincial Nominee Program,250
2025,3,Nova Scotia,Sponsored Family,218
2025,3,Nova Scotia,Resettled Refugee & Protected Person,122
2025,3,Nova Scotia,Economic - Canadian Experience Class,57
2025,3,Nova Scotia,All Other Immigration,17
2025,3,New Brunswick,Economic - Federal High Skilled,279
2025,3,New Brunswick,Economic - Provincial Nominee Program,222
2025,3,New Brunswick,Sponsored Family,188
2025,3,New Brunswick,Resettled Refugee & Protected Person,129
2025,3,New Brunswick,Economic - Canadian Experience Class,42
2025,3,New Brunswick,All Other Immigration,18
2025,3,Newfoundland and Labrador,Economic - Federal High Skilled,87
2025,3,Newfoundland and Labrador,Economic - Provincial Nominee Program,69
2025,3,Newfoundland and Labrador,Sponsored Family,76
2025,3,Newfoundland and Labrador,Resettled Refugee & Protected Person,47
2025,3,Newfoundland and Labrador,Economic - Canadian Experience Class,17
2025,3,Newfoundland and Labrador,All Other Immigration,7
2025,3,Prince Edward Island,Economic - Federal High Skilled,81
2025,3,Prince Edward Island,Economic - Provincial Nominee Program,69
2025,3,Prince Edward Island,Sponsored Family,58
2025,3,Prince Edward Island,Resettled Refugee & Protected Person,38
2025,3,Prince Edward Island,Economic - Canadian Experience Class,12
2025,3,Prince Edward Island,All Other Immigration,6
2025,4,Ontario,Economic - Federal High Skilled,4407
2025,4,Ontario,Economic - Provincial Nominee Program,3845
2025,4,Ontario,Sponsored Family,3252
2025,4,Ontario,Resettled Refugee & Protected Person,1798
2025,4,Ontario,Economic - Canadian Experience Class,586
2025,4,Ontario,All Other Immigration,233
2025,4,Quebec,Economic - Federal High Skilled,1342
2025,4,Quebec,Economic - Provincial Nominee Program,1066
2025,4,Quebec,Sponsored Family,843
2025,4,Quebec,Resettled Refugee & Protected Person,623
2025,4,Quebec,Economic - Canadian Experience Class,200
2025,4,Quebec,All Other Immigration,92
2025,4,British Columbia,Economic - Federal High Skilled,1832
2025,4,British Columbia,Economic - Provincial Nominee Program,1491
2025,4,British Columbia,Sponsored Family,1360
2025,4,British Columbia,Resettled Refugee & Protected Person,640
2025,4,British Columbia,Economic - Canadian Experience Class,251
2025,4,British Columbia,All Other Immigration,107
2025,4,Alberta,Economic - Federal High Skilled,1184
2025,4,Alberta,Economic - Provincial Nominee Program,978
2025,4,Alberta,Sponsored Family,798
2025,4,Alberta,Resettled Refugee & Protected Person,504
2025,4,Alberta,Economic - Canadian Experience Class,169
2025,4,Alberta,All Other Immigration,73
2025,4,Manitoba,Economic - Federal High Skilled,505
2025,4,Manitoba,Economic - Provincial Nominee Program,429
2025,4,Manitoba,Sponsored Family,330
2025,4,Manitoba,Resettled Refugee & Protected Person,261
2025,4,Manitoba,Economic - Canadian Experience Class,72
2025,4,Manitoba,All Other Immigration,30
2025,4,Saskatchewan,Economic - Federal High Skilled,434
2025,4,Saskatchewan,Economic - Provincial Nominee Program,307
2025,4,Saskatchewan,Sponsored Family,317
2025,4,Saskatchewan,Resettled Refugee & Protected Person,184
2025,4,Saskatchewan,Economic - Canadian Experience Class,66
2025,4,Saskatchewan,All Other Immigration,26
2025,4,Nova Scotia,Economic - Federal High Skilled,294
2025,4,Nova Scotia,Economic - Provincial Nominee Program,205
2025,4,Nova Scotia,Sponsored Family,252
2025,4,Nova Scotia,Resettled Refugee & Protected Person,138
2025,4,Nova Scotia,Economic - Canadian Experience Class,57
2025,4,Nova Scotia,All Other Immigration,17
2025,4,New Brunswick,Economic - Federal High Skilled,250
2025,4,New Brunswick,Economic - Provincial Nominee Program,172
2025,4,New Brunswick,Sponsored Family,181
2025,4,New Brunswick,Resettled Refugee & Protected Person,131
2025,4,New Brunswick,Economic - Canadian Experience Class,43
2025,4,New Brunswick,All Other Immigration,16
2025,4,Newfoundland and Labrador,Economic - Federal High Skilled,106
2025,4,Newfoundland and Labrador,Economic - Provincial Nominee Program,92
2025,4,Newfoundland and Labrador,Sponsored Family,70
2025,4,Newfoundland and Labrador,Resettled Refugee & Protected Person,52
2025,4,Newfoundland and Labrador,Economic - Canadian Experience Class,17
2025,4,Newfoundland and Labrador,All Other Immigration,7
2025,4,Prince Edward Island,Economic - Federal High Skilled,80
2025,4,Prince Edward Island,Economic - Provincial Nominee Program,63
2025,4,Prince Edward Island,Sponsored Family,59
2025,4,Prince Edward Island,Resettled Refugee & Protected Person,32
2025,4,Prince Edward Island,Economic - Canadian Experience Class,13
2025,4,Prince Edward Island,All Other Immigration,4
2025,5,Ontario,Economic - Federal High Skilled,4441
2025,5,Ontario,Economic - Provincial Nominee Program,3794
2025,5,Ontario,Sponsored Family,2807
2025,5,Ontario,Resettled Refugee & Protected Person,2282
2025,5,Ontario,Economic - Canadian Experience Class,738
2025,5,Ontario,All Other Immigration,239
2025,5,Quebec,Economic - Federal High Skilled,1607
2025,5,Quebec,Economic - Provincial Nominee Program,1031
2025,5,Quebec,Sponsored Family,1043
2025,5,Quebec,Resettled Refugee & Protected Person,565
2025,5,Quebec,Economic - Canadian Experience Class,248
2025,5,Quebec,All Other Immigration,93
2025,5,British Columbia,Economic - Federal High Skilled,1506
2025,5,British Columbia,Economic - Provincial Nominee Program,1324
2025,5,British Columbia,Sponsored Family,1161
2025,5,British Columbia,Resettled Refugee & Protected Person,618
2025,5,British Columbia,Economic - Canadian Experience Class,229
2025,5,British Columbia,All Other Immigration,99
2025,5,Alberta,Economic - Federal High Skilled,1255
2025,5,Alberta,Economic - Provincial Nominee Program,974
2025,5,Alberta,Sponsored Family,904
2025,5,Alberta,Resettled Refugee & Protected Person,557
2025,5,Alberta,Economic - Canadian Experience Class,185
2025,5,Alberta,All Other Immigration,82
2025,5,Manitoba,Economic - Federal High Skilled,463
2025,5,Manitoba,Economic - Provincial Nominee Program,485
2025,5,Manitoba,Sponsored Family,394
2025,5,Manitoba,Resettled Refugee & Protected Person,214
2025,5,Manitoba,Economic - Canadian Experience Class,77
2025,5,Manitoba,All Other Immigration,36
2025,5,Saskatchewan,Economic - Federal High Skilled,427
2025,5,Saskatchewan,Economic - Provincial Nominee Program,354
2025,5,Saskatchewan,Sponsored Family,269
2025,5,Saskatchewan,Resettled Refugee & Protected Person,205
2025,5,Saskatchewan,Economic - Canadian Experience Class,62
2025,5,Saskatchewan,All Other Immigration,28
2025,5,Nova Scotia,Economic - Federal High Skilled,371
2025,5,Nova Scotia,Economic - Provincial Nominee Program,254
2025,5,Nova Scotia,Sponsored Family,241
2025,5,Nova Scotia,Resettled Refugee & Protected Person,149
2025,5,Nova Scotia,Economic - Canadian Experience Class,52
2025,5,Nova Scotia,All Other Immigration,16
2025,5,New Brunswick,Economic - Federal High Skilled,261
2025,5,New Brunswick,Economic - Provincial Nominee Program,240
2025,5,New Brunswick,Sponsored Family,199
2025,5,New Brunswick,Resettled Refugee & Protected Person,126
2025,5,New Brunswick,Economic - Canadian Experience Class,42
2025,5,New Brunswick,All Other Immigration,17
2025,5,Newfoundland and Labrador,Economic - Federal High Skilled,108
2025,5,Newfoundland and Labrador,Economic - Provincial Nominee Program,72
2025,5,Newfoundland and Labrador,Sponsored Family,75
2025,5,Newfoundland and Labrador,Resettled Refugee & Protected Person,48
2025,5,Newfoundland and Labrador,Economic - Canadian Experience Class,18
2025,5,Newfoundland and Labrador,All Other Immigration,5
2025,5,Prince Edward Island,Economic - Federal High Skilled,89
2025,5,Prince Edward Island,Economic - Provincial Nominee Program,54
2025,5,Prince Edward Island,Sponsored Family,67
2025,5,Prince Edward Island,Resettled Refugee & Protected Person,31
2025,5,Prince Edward Island,Economic - Canadian Experience Class,10
2025,5,Prince Edward Island,All Other Immigration,4
2025,6,Ontario,Economic - Federal High Skilled,3878
2025,6,Ontario,Economic - Provincial Nominee Program,3702
2025,6,Ontario,Sponsored Family,2950
2025,6,Ontario,Resettled Refugee & Protected Person,2132
2025,6,Ontario,Economic - Canadian Experience Class,797
2025,6,Ontario,All Other Immigration,314
2025,6,Quebec,Economic - Federal High Skilled,1489
2025,6,Quebec,Economic - Provincial Nominee Program,903
2025,6,Quebec,Sponsored Family,820
2025,6,Quebec,Resettled Refugee & Protected Person,537
2025,6,Quebec,Economic - Canadian Experience Class,200
2025,6,Quebec,All Other Immigration,90
2025,6,British Columbia,Economic - Federal High Skilled,1705
2025,6,British Columbia,Economic - Provincial Nominee Program,1231
2025,6,British Columbia,Sponsored Family,1024
2025,6,British Columbia,Resettled Refugee & Protected Person,848
2025,6,British Columbia,Economic - Canadian Experience Class,249
2025,6,British Columbia,All Other Immigration,100
2025,6,Alberta,Economic - Federal High Skilled,1391
2025,6,Alberta,Economic - Provincial Nominee Program,1068
2025,6,Alberta,Sponsored Family,916
2025,6,Alberta,Resettled Refugee & Protected Person,592
2025,6,Alberta,Economic - Canadian Experience Class,205
2025,6,Alberta,All Other Immigration,70
2025,6,Manitoba,Economic - Federal High Skilled,479
2025,6,Manitoba,Economic - Provincial Nominee Program,421
2025,6,Manitoba,Sponsored Family,327
2025,6,Manitoba,Resettled Refugee & Protected Person,270
2025,6,Manitoba,Economic - Canadian Experience Class,76
2025,6,Manitoba,All Other Immigration,30
2025,6,Saskatchewan,Economic - Federal High Skilled,377
2025,6,Saskatchewan,Economic - Provincial Nominee Program,354
2025,6,Saskatchewan,Sponsored Family,271
2025,6,Saskatchewan,Resettled Refugee & Protected Person,174
2025,6,Saskatchewan,Economic - Canadian Experience Class,76
2025,6,Saskatchewan,All Other Immigration,29
2025,6,Nova Scotia,Economic - Federal High Skilled,290
2025,6,Nova Scotia,Economic - Provincial Nominee Program,213
2025,6,Nova Scotia,Sponsored Family,231
2025,6,Nova Scotia,Resettled Refugee & Protected Person,132
2025,6,Nova Scotia,Economic - Canadian Experience Class,58
2025,6,Nova Scotia,All Other Immigration,22
2025,6,New Brunswick,Economic - Federal High Skilled,307
2025,6,New Brunswick,Economic - Provincial Nominee Program,228
2025,6,New Brunswick,Sponsored Family,167
2025,6,New Brunswick,Resettled Refugee & Protected Person,106
2025,6,New Brunswick,Economic - Canadian Experience Class,44
2025,6,New Brunswick,All Other Immigration,15
2025,6,Newfoundland and Labrador,Economic - Federal High Skilled,103
2025,6,Newfoundland and Labrador,Economic - Provincial Nominee Program,75
2025,6,Newfoundland and Labrador,Sponsored Family,72
2025,6,Newfoundland and Labrador,Resettled Refugee & Protected Person,41
2025,6,Newfoundland and Labrador,Economic - Canadian Experience Class,16
2025,6,Newfoundland and Labrador,All Other Immigration,7
2025,6,Prince Edward Island,Economic - Federal High Skilled,90
2025,6,Prince Edward Island,Economic - Provincial Nominee Program,57
2025,6,Prince Edward Island,Sponsored Family,60
2025,6,Prince Edward Island,Resettled Refugee & Protected Person,38
2025,6,Prince Edward Island,Economic - Canadian Experience Class,11
2025,6,Prince Edward Island,All Other Immigration,5
2025,7,Ontario,Economic - Federal High Skilled,4484
2025,7,Ontario,Economic - Provincial Nominee Program,3637
2025,7,Ontario,Sponsored Family,2557
2025,7,Ontario,Resettled Refugee & Protected Person,1879
2025,7,Ontario,Economic - Canadian Experience Class,747
2025,7,Ontario,All Other Immigration,237
2025,7,Quebec,Economic - Federal High Skilled,1506
2025,7,Quebec,Economic - Provincial Nominee Program,881
2025,7,Quebec,Sponsored Family,960
2025,7,Quebec,Resettled Refugee & Protected Person,693
2025,7,Quebec,Economic - Canadian Experience Class,207
2025,7,Quebec,All Other Immigration,99
2025,7,British Columbia,Economic - Federal High Skilled,1919
2025,7,British Columbia,Economic - Provincial Nominee Program,1309
2025,7,British Columbia,Sponsored Family,1035
2025,7,British Columbia,Resettled Refugee & Protected Person,862
2025,7,British Columbia,Economic - Canadian Experience Class,247
2025,7,British Columbia,All Other Immigration,111
2025,7,Alberta,Economic - Federal High Skilled,1453
2025,7,Alberta,Economic - Provincial Nominee Program,843
2025,7,Alberta,Sponsored Family,894
2025,7,Alberta,Resettled Refugee & Protected Person,561
2025,7,Alberta,Economic - Canadian Experience Class,213
2025,7,Alberta,All Other Immigration,91
2025,7,Manitoba,Economic - Federal High Skilled,606
2025,7,Manitoba,Economic - Provincial Nominee Program,364
2025,7,Manitoba,Sponsored Family,412
2025,7,Manitoba,Resettled Refugee & Protected Person,204
2025,7,Manitoba,Economic - Canadian Experience Class,94
2025,7,Manitoba,All Other Immigration,38
2025,7,Saskatchewan,Economic - Federal High Skilled,406
2025,7,Saskatchewan,Economic - Provincial Nominee Program,329
2025,7,Saskatchewan,Sponsored Family,336
2025,7,Saskatchewan,Resettled Refugee & Protected Person,215
2025,7,Saskatchewan,Economic - Canadian Experience Class,76
2025,7,Saskatchewan,All Other Immigration,29
2025,7,Nova Scotia,Economic - Federal High Skilled,260
2025,7,Nova Scotia,Economic - Provincial Nominee Program,253
2025,7,Nova Scotia,Sponsored Family,187
2025,7,Nova Scotia,Resettled Refugee & Protected Person,162
2025,7,Nova Scotia,Economic - Canadian Experience Class,45
2025,7,Nova Scotia,All Other Immigration,23
2025,7,New Brunswick,Economic - Federal High Skilled,268
2025,7,New Brunswick,Economic - Provincial Nominee Program,205
2025,7,New Brunswick,Sponsored Family,210
2025,7,New Brunswick,Resettled Refugee & Protected Person,130
2025,7,New Brunswick,Economic - Canadian Experience Class,40
2025,7,New Brunswick,All Other Immigration,14
2025,7,Newfoundland and Labrador,Economic - Federal High Skilled,90
2025,7,Newfoundland and Labrador,Economic - Provincial Nominee Program,72
2025,7,Newfoundland and Labrador,Sponsored Family,71
2025,7,Newfoundland and Labrador,Resettled Refugee & Protected Person,42
2025,7,Newfoundland and Labrador,Economic - Canadian Experience Class,14
2025,7,Newfoundland and Labrador,All Other Immigration,7
2025,7,Prince Edward Island,Economic - Federal High Skilled,93
2025,7,Prince Edward Island,Economic - Provincial Nominee Program,67
2025,7,Prince Edward Island,Sponsored Family,63
2025,7,Prince Edward Island,Resettled Refugee & Protected Person,32
2025,7,Prince Edward Island,Economic - Canadian Experience Class,14
2025,7,Prince Edward Island,All Other Immigration,6
2025,8,Ontario,Economic - Federal High Skilled,4957
2025,8,Ontario,Economic - Provincial Nominee Program,3484
2025,8,Ontario,Sponsored Family,2595
2025,8,Ontario,Resettled Refugee & Protected Person,2058
2025,8,Ontario,Economic - Canadian Experience Class,614
2025,8,Ontario,All Other Immigration,241
2025,8,Quebec,Economic - Federal High Skilled,1285
2025,8,Quebec,Economic - Provincial Nominee Program,975
2025,8,Quebec,Sponsored Family,862
2025,8,Quebec,Resettled Refugee & Protected Person,543
2025,8,Quebec,Economic - Canadian Experience Class,234
2025,8,Quebec,All Other Immigration,99
2025,8,British Columbia,Economic - Federal High Skilled,1569
2025,8,British Columbia,Economic - Provincial Nominee Program,1425
2025,8,British Columbia,Sponsored Family,957
2025,8,British Columbia,Resettled Refugee & Protected Person,780
2025,8,British Columbia,Economic - Canadian Experience Class,282
2025,8,British Columbia,All Other Immigration,88
2025,8,Alberta,Economic - Federal High Skilled,1093
2025,8,Alberta,Economic - Provincial Nominee Program,921
2025,8,Alberta,Sponsored Family,841
2025,8,Alberta,Resettled Refugee & Protected Person,554
2025,8,Alberta,Economic - Canadian Experience Class,226
2025,8,Alberta,All Other Immigration,85
2025,8,Manitoba,Economic - Federal High Skilled,492
2025,8,Manitoba,Economic - Provincial Nominee Program,355
2025,8,Manitoba,Sponsored Family,417
2025,8,Manitoba,Resettled Refugee & Protected Person,213
2025,8,Manitoba,Economic - Canadian Experience Class,85
2025,8,Manitoba,All Other Immigration,29
2025,8,Saskatchewan,Economic - Federal High Skilled,366
2025,8,Saskatchewan,Economic - Provincial Nominee Program,288
2025,8,Saskatchewan,Sponsored Family,316
2025,8,Saskatchewan,Resettled Refugee & Protected Person,191
2025,8,Saskatchewan,Economic - Canadian Experience Class,64
2025,8,Saskatchewan,All Other Immigration,26
2025,8,Nova Scotia,Economic - Federal High Skilled,313
2025,8,Nova Scotia,Economic - Provincial Nominee Program,250
2025,8,Nova Scotia,Sponsored Family,230
2025,8,Nova Scotia,Resettled Refugee & Protected Person,124
2025,8,Nova Scotia,Economic - Canadian Experience Class,44
2025,8,Nova Scotia,All Other Immigration,21
2025,8,New Brunswick,Economic - Federal High Skilled,299
2025,8,New Brunswick,Economic - Provincial Nominee Program,175
2025,8,New Brunswick,Sponsored Family,178
2025,8,New Brunswick,Resettled Refugee & Protected Person,123
2025,8,New Brunswick,Economic - Canadian Experience Class,34
2025,8,New Brunswick,All Other Immigration,16
2025,8,Newfoundland and Labrador,Economic - Federal High Skilled,88
2025,8,Newfoundland and Labrador,Economic - Provincial Nominee Program,83
2025,8,Newfoundland and Labrador,Sponsored Family,72
2025,8,Newfoundland and Labrador,Resettled Refugee & Protected Person,47
2025,8,Newfoundland and Labrador,Economic - Canadian Experience Class,14
2025,8,Newfoundland and Labrador,All Other Immigration,6
2025,8,Prince Edward Island,Economic - Federal High Skilled,85
2025,8,Prince Edward Island,Economic - Provincial Nominee Program,56
2025,8,Prince Edward Island,Sponsored Family,51
2025,8,Prince Edward Island,Resettled Refugee & Protected Person,38
2025,8,Prince Edward Island,Economic - Canadian Experience Class,11
2025,8,Prince Edward Island,All Other Immigration,5
2025,9,Ontario,Economic - Federal High Skilled,4928
2025,9,Ontario,Economic - Provincial Nominee Program,3406
2025,9,Ontario,Sponsored Family,3063
2025,9,Ontario,Resettled Refugee & Protected Person,1910
2025,9,Ontario,Economic - Canadian Experience Class,582
2025,9,Ontario,All Other Immigration,273
2025,9,Quebec,Economic - Federal High Skilled,1524
2025,9,Quebec,Economic - Provincial Nominee Program,1158
2025,9,Quebec,Sponsored Family,908
2025,9,Quebec,Resettled Refugee & Protected Person,669
2025,9,Quebec,Economic - Canadian Experience Class,233
2025,9,Quebec,All Other Immigration,88
2025,9,British Columbia,Economic - Federal High Skilled,1413
2025,9,British Columbia,Economic - Provincial Nominee Program,1246
2025,9,British Columbia,Sponsored Family,979
2025,9,British Columbia,Resettled Refugee & Protected Person,870
2025,9,British Columbia,Economic - Canadian Experience Class,305
2025,9,British Columbia,All Other Immigration,89
2025,9,Alberta,Economic - Federal High Skilled,1465
2025,9,Alberta,Economic - Provincial Nominee Program,823
2025,9,Alberta,Sponsored Family,842
2025,9,Alberta,Resettled Refugee & Protected Person,608
2025,9,Alberta,Economic - Canadian Experience Class,216
2025,9,Alberta,All Other Immigration,92
2025,9,Manitoba,Economic - Federal High Skilled,555
2025,9,Manitoba,Economic - Provincial Nominee Program,400
2025,9,Manitoba,Sponsored Family,427
2025,9,Manitoba,Resettled Refugee & Protected Person,221
2025,9,Manitoba,Economic - Canadian Experience Class,93
2025,9,Manitoba,All Other Immigration,37
2025,9,Saskatchewan,Economic - Federal High Skilled,403
2025,9,Saskatchewan,Economic - Provincial Nominee Program,351
2025,9,Saskatchewan,Sponsored Family,307
2025,9,Saskatchewan,Resettled Refugee & Protected Person,187
2025,9,Saskatchewan,Economic - Canadian Experience Class,69
2025,9,Saskatchewan,All Other Immigration,24
2025,9,Nova Scotia,Economic - Federal High Skilled,280
2025,9,Nova Scotia,Economic - Provincial Nominee Program,250
2025,9,Nova Scotia,Sponsored Family,220
2025,9,Nova Scotia,Resettled Refugee & Protected Person,149
2025,9,Nova Scotia,Economic - Canadian Experience Class,44
2025,9,Nova Scotia,All Other Immigration,16
2025,9,New Brunswick,Economic - Federal High Skilled,218
2025,9,New Brunswick,Economic - Provincial Nominee Program,191
2025,9,New Brunswick,Sponsored Family,192
2025,9,New Brunswick,Resettled Refugee & Protected Person,117
2025,9,New Brunswick,Economic - Canadian Experience Class,41
2025,9,New Brunswick,All Other Immigration,18
2025,9,Newfoundland and Labrador,Economic - Federal High Skilled,96
2025,9,Newfoundland and Labrador,Economic - Provincial Nominee Program,77
2025,9,Newfoundland and Labrador,Sponsored Family,66
2025,9,Newfoundland and Labrador,Resettled Refugee & Protected Person,53
2025,9,Newfoundland and Labrador,Economic - Canadian Experience Class,17
2025,9,Newfoundland and Labrador,All Other Immigration,5
2025,9,Prince Edward Island,Economic - Federal High Skilled,93
2025,9,Prince Edward Island,Economic - Provincial Nominee Program,64
2025,9,Prince Edward Island,Sponsored Family,63
2025,9,Prince Edward Island,Resettled Refugee & Protected Person,42
2025,9,Prince Edward Island,Economic - Canadian Experience Class,10
2025,9,Prince Edward Island,All Other Immigration,4
2025,10,Ontario,Economic - Federal High Skilled,3797
2025,10,Ontario,Economic - Provincial Nominee Program,2883
2025,10,Ontario,Sponsored Family,3156
2025,10,Ontario,Resettled Refugee & Protected Person,2082
2025,10,Ontario,Economic - Canadian Experience Class,580
2025,10,Ontario,All Other Immigration,301
2025,10,Quebec,Economic - Federal High Skilled,1324
2025,10,Quebec,Economic - Provincial Nominee Program,969
2025,10,Quebec,Sponsored Family,847
2025,10,Quebec,Resettled Refugee & Protected Person,679
2025,10,Quebec,Economic - Canadian Experience Class,180
2025,10,Quebec,All Other Immigration,85
2025,10,British Columbia,Economic - Federal High Skilled,1561
2025,10,British Columbia,Economic - Provincial Nominee Program,1470
2025,10,British Columbia,Sponsored Family,1258
2025,10,British Columbia,Resettled Refugee & Protected Person,691
2025,10,British Columbia,Economic - Canadian Experience Class,273
2025,10,British Columbia,All Other Immigration,112
2025,10,Alberta,Economic - Federal High Skilled,1185
2025,10,Alberta,Economic - Provincial Nominee Program,919
2025,10,Alberta,Sponsored Family,759
2025,10,Alberta,Resettled Refugee & Protected Person,586
2025,10,Alberta,Economic - Canadian Experience Class,178
2025,10,Alberta,All Other Immigration,73
2025,10,Manitoba,Economic - Federal High Skilled,444
2025,10,Manitoba,Economic - Provincial Nominee Program,479
2025,10,Manitoba,Sponsored Family,412
2025,10,Manitoba,Resettled Refugee & Protected Person,265
2025,10,Manitoba,Economic - Canadian Experience Class,86
2025,10,Manitoba,All Other Immigration,32
2025,10,Saskatchewan,Economic - Federal High Skilled,421
2025,10,Saskatchewan,Economic - Provincial Nominee Program,386
2025,10,Saskatchewan,Sponsored Family,336
2025,10,Saskatchewan,Resettled Refugee & Protected Person,196
2025,10,Saskatchewan,Economic - Canadian Experience Class,72
2025,10,Saskatchewan,All Other Immigration,24
2025,10,Nova Scotia,Economic - Federal High Skilled,307
2025,10,Nova Scotia,Economic - Provincial Nominee Program,216
2025,10,Nova Scotia,Sponsored Family,208
2025,10,Nova Scotia,Resettled Refugee & Protected Person,151
2025,10,Nova Scotia,Economic - Canadian Experience Class,49
2025,10,Nova Scotia,All Other Immigration,22
2025,10,New Brunswick,Economic - Federal High Skilled,245
2025,10,New Brunswick,Economic - Provincial Nominee Program,221
2025,10,New Brunswick,Sponsored Family,201
2025,10,New Brunswick,Resettled Refugee & Protected Person,132
2025,10,New Brunswick,Economic - Canadian Experience Class,42
2025,10,New Brunswick,All Other Immigration,19
2025,10,Newfoundland and Labrador,Economic - Federal High Skilled,107
2025,10,Newfoundland and Labrador,Economic - Provincial Nominee Program,71
2025,10,Newfoundland and Labrador,Sponsored Family,65
2025,10,Newfoundland and Labrador,Resettled Refugee & Protected Person,41
2025,10,Newfoundland and Labrador,Economic - Canadian Experience Class,17
2025,10,Newfoundland and Labrador,All Other Immigration,7
2025,10,Prince Edward Island,Economic - Federal High Skilled,95
2025,10,Prince Edward Island,Economic - Provincial Nominee Program,56
2025,10,Prince Edward Island,Sponsored Family,62
2025,10,Prince Edward Island,Resettled Refugee & Protected Person,32
2025,10,Prince Edward Island,Economic - Canadian Experience Class,12
2025,10,Prince Edward Island,All Other Immigration,5
2025,11,Ontario,Economic - Federal High Skilled,4599
2025,11,Ontario,Economic - Provincial Nominee Program,3931
2025,11,Ontario,Sponsored Family,2706
2025,11,Ontario,Resettled Refugee & Protected Person,2123
2025,11,Ontario,Economic - Canadian Experience Class,748
2025,11,Ontario,All Other Immigration,283
2025,11,Quebec,Economic - Federal High Skilled,1362
2025,11,Quebec,Economic - Provincial Nominee Program,1215
2025,11,Quebec,Sponsored Family,887
2025,11,Quebec,Resettled Refugee & Protected Person,699
2025,11,Quebec,Economic - Canadian Experience Class,177
2025,11,Quebec,All Other Immigration,99
2025,11,British Columbia,Economic - Federal High Skilled,1970
2025,11,British Columbia,Economic - Provincial Nominee Program,1138
2025,11,British Columbia,Sponsored Family,1370
2025,11,British Columbia,Resettled Refugee & Protected Person,733
2025,11,British Columbia,Economic - Canadian Experience Class,239
2025,11,British Columbia,All Other Immigration,109
2025,11,Alberta,Economic - Federal High Skilled,1132
2025,11,Alberta,Economic - Provincial Nominee Program,1137
2025,11,Alberta,Sponsored Family,887
2025,11,Alberta,Resettled Refugee & Protected Person,609
2025,11,Alberta,Economic - Canadian Experience Class,189
2025,11,Alberta,All Other Immigration,80
2025,11,Manitoba,Economic - Federal High Skilled,501
2025,11,Manitoba,Economic - Provincial Nominee Program,377
2025,11,Manitoba,Sponsored Family,364
2025,11,Manitoba,Resettled Refugee & Protected Person,230
2025,11,Manitoba,Economic - Canadian Experience Class,70
2025,11,Manitoba,All Other Immigration,38
2025,11,Saskatchewan,Economic - Federal High Skilled,417
2025,11,Saskatchewan,Economic - Provincial Nominee Program,370
2025,11,Saskatchewan,Sponsored Family,333
2025,11,Saskatchewan,Resettled Refugee & Protected Person,176
2025,11,Saskatchewan,Economic - Canadian Experience Class,63
2025,11,Saskatchewan,All Other Immigration,26
2025,11,Nova Scotia,Economic - Federal High Skilled,285
2025,11,Nova Scotia,Economic - Provincial Nominee Program,215
2025,11,Nova Scotia,Sponsored Family,199
2025,11,Nova Scotia,Resettled Refugee & Protected Person,160
2025,11,Nova Scotia,Economic - Canadian Experience Class,50
2025,11,Nova Scotia,All Other Immigration,19
2025,11,New Brunswick,Economic - Federal High Skilled,230
2025,11,New Brunswick,Economic - Provincial Nominee Program,193
2025,11,New Brunswick,Sponsored Family,173
2025,11,New Brunswick,Resettled Refugee & Protected Person,129
2025,11,New Brunswick,Economic - Canadian Experience Class,41
2025,11,New Brunswick,All Other Immigration,17
2025,11,Newfoundland and Labrador,Economic - Federal High Skilled,112
2025,11,Newfoundland and Labrador,Economic - Provincial Nominee Program,75
2025,11,Newfoundland and Labrador,Sponsored Family,81
2025,11,Newfoundland and Labrador,Resettled Refugee & Protected Person,53
2025,11,Newfoundland and Labrador,Economic - Canadian Experience Class,17
2025,11,Newfoundland and Labrador,All Other Immigration,6
2025,11,Prince Edward Island,Economic - Federal High Skilled,74
2025,11,Prince Edward Island,Economic - Provincial Nominee Program,73
2025,11,Prince Edward Island,Sponsored Family,51
2025,11,Prince Edward Island,Resettled Refugee & Protected Person,39
2025,11,Prince Edward Island,Economic - Canadian Experience Class,13
2025,11,Prince Edward Island,All Other Immigration,6
2025,12,Ontario,Economic - Federal High Skilled,4502
2025,12,Ontario,Economic - Provincial Nominee Program,3641
2025,12,Ontario,Sponsored Family,2564
2025,12,Ontario,Resettled Refugee & Protected Person,1614
2025,12,Ontario,Economic - Canadian Experience Class,779
2025,12,Ontario,All Other Immigration,321
2025,12,Quebec,Economic - Federal High Skilled,1455
2025,12,Quebec,Economic - Provincial Nominee Program,1174
2025,12,Quebec,Sponsored Family,914
2025,12,Quebec,Resettled Refugee & Protected Person,674
2025,12,Quebec,Economic - Canadian Experience Class,193
2025,12,Quebec,All Other Immigration,92
2025,12,British Columbia,Economic - Federal High Skilled,1391
2025,12,British Columbia,Economic - Provincial Nominee Program,1322
2025,12,British Columbia,Sponsored Family,1108
2025,12,British Columbia,Resettled Refugee & Protected Person,770
2025,12,British Columbia,Economic - Canadian Experience Class,279
2025,12,British Columbia,All Other Immigration,110
2025,12,Alberta,Economic - Federal High Skilled,1259
2025,12,Alberta,Economic - Provincial Nominee Program,985
2025,12,Alberta,Sponsored Family,716
2025,12,Alberta,Resettled Refugee & Protected Person,564
2025,12,Alberta,Economic - Canadian Experience Class,163
2025,12,Alberta,All Other Immigration,80
2025,12,Manitoba,Economic - Federal High Skilled,485
2025,12,Manitoba,Economic - Provincial Nominee Program,483
2025,12,Manitoba,Sponsored Family,299
2025,12,Manitoba,Resettled Refugee & Protected Person,257
2025,12,Manitoba,Economic - Canadian Experience Class,87
2025,12,Manitoba,All Other Immigration,36
2025,12,Saskatchewan,Economic - Federal High Skilled,484
2025,12,Saskatchewan,Economic - Provincial Nominee Program,283
2025,12,Saskatchewan,Sponsored Family,248
2025,12,Saskatchewan,Resettled Refugee & Protected Person,161
2025,12,Saskatchewan,Economic - Canadian Experience Class,58
2025,12,Saskatchewan,All Other Immigration,26
2025,12,Nova Scotia,Economic - Federal High Skilled,352
2025,12,Nova Scotia,Economic - Provincial Nominee Program,226
2025,12,Nova Scotia,Sponsored Family,209
2025,12,Nova Scotia,Resettled Refugee & Protected Person,132
2025,12,Nova Scotia,Economic - Canadian Experience Class,47
2025,12,Nova Scotia,All Other Immigration,20
2025,12,New Brunswick,Economic - Federal High Skilled,310
2025,12,New Brunswick,Economic - Provincial Nominee Program,185
2025,12,New Brunswick,Sponsored Family,193
2025,12,New Brunswick,Resettled Refugee & Protected Person,129
2025,12,New Brunswick,Economic - Canadian Experience Class,43
2025,12,New Brunswick,All Other Immigration,18
2025,12,Newfoundland and Labrador,Economic - Federal High Skilled,115
2025,12,Newfoundland and Labrador,Economic - Provincial Nominee Program,70
2025,12,Newfoundland and Labrador,Sponsored Family,69
2025,12,Newfoundland and Labrador,Resettled Refugee & Protected Person,47
2025,12,Newfoundland and Labrador,Economic - Canadian Experience Class,13
2025,12,Newfoundland and Labrador,All Other Immigration,5
2025,12,Prince Edward Island,Economic - Federal High Skilled,74
2025,12,Prince Edward Island,Economic - Provincial Nominee Program,65
2025,12,Prince Edward Island,Sponsored Family,56
2025,12,Prince Edward Island,Resettled Refugee & Protected Person,40
2025,12,Prince Edward Island,Economic - Canadian Experience Class,13
2025,12,Prince Edward Island,All Other Immigration,5
2026,1,Ontario,Economic - Federal High Skilled,3616
2026,1,Ontario,Economic - Provincial Nominee Program,3341
2026,1,Ontario,Sponsored Family,2431
2026,1,Ontario,Resettled Refugee & Protected Person,1659
2026,1,Ontario,Economic - Canadian Experience Class,749
2026,1,Ontario,All Other Immigration,301
2026,1,Quebec,Economic - Federal High Skilled,1298
2026,1,Quebec,Economic - Provincial Nominee Program,856
2026,1,Quebec,Sponsored Family,762
2026,1,Quebec,Resettled Refugee & Protected Person,661
2026,1,Quebec,Economic - Canadian Experience Class,234
2026,1,Quebec,All Other Immigration,83
2026,1,British Columbia,Economic - Federal High Skilled,1341
2026,1,British Columbia,Economic - Provincial Nominee Program,1454
2026,1,British Columbia,Sponsored Family,1034
2026,1,British Columbia,Resettled Refugee & Protected Person,822
2026,1,British Columbia,Economic - Canadian Experience Class,259
2026,1,British Columbia,All Other Immigration,109
2026,1,Alberta,Economic - Federal High Skilled,1302
2026,1,Alberta,Economic - Provincial Nominee Program,910
2026,1,Alberta,Sponsored Family,704
2026,1,Alberta,Resettled Refugee & Protected Person,464
2026,1,Alberta,Economic - Canadian Experience Class,171
2026,1,Alberta,All Other Immigration,84
2026,1,Manitoba,Economic - Federal High Skilled,483
2026,1,Manitoba,Economic - Provincial Nominee Program,449
2026,1,Manitoba,Sponsored Family,325
2026,1,Manitoba,Resettled Refugee & Protected Person,240
2026,1,Manitoba,Economic - Canadian Experience Class,68
2026,1,Manitoba,All Other Immigration,37
2026,1,Saskatchewan,Economic - Federal High Skilled,435
2026,1,Saskatchewan,Economic - Provincial Nominee Program,315
2026,1,Saskatchewan,Sponsored Family,324
2026,1,Saskatchewan,Resettled Refugee & Protected Person,148
2026,1,Saskatchewan,Economic - Canadian Experience Class,61
2026,1,Saskatchewan,All Other Immigration,28
2026,1,Nova Scotia,Economic - Federal High Skilled,285
2026,1,Nova Scotia,Economic - Provincial Nominee Program,259
2026,1,Nova Scotia,Sponsored Family,241
2026,1,Nova Scotia,Resettled Refugee & Protected Person,127
2026,1,Nova Scotia,Economic - Canadian Experience Class,51
2026,1,Nova Scotia,All Other Immigration,15
2026,1,New Brunswick,Economic - Federal High Skilled,231
2026,1,New Brunswick,Economic - Provincial Nominee Program,231
2026,1,New Brunswick,Sponsored Family,172
2026,1,New Brunswick,Resettled Refugee & Protected Person,104
2026,1,New Brunswick,Economic - Canadian Experience Class,45
2026,1,New Brunswick,All Other Immigration,15
2026,1,Newfoundland and Labrador,Economic - Federal High Skilled,107
2026,1,Newfoundland and Labrador,Economic - Provincial Nominee Program,83
2026,1,Newfoundland and Labrador,Sponsored Family,58
2026,1,Newfoundland and Labrador,Resettled Refugee & Protected Person,45
2026,1,Newfoundland and Labrador,Economic - Canadian Experience Class,17
2026,1,Newfoundland and Labrador,All Other Immigration,6
2026,1,Prince Edward Island,Economic - Federal High Skilled,68
2026,1,Prince Edward Island,Economic - Provincial Nominee Program,55
2026,1,Prince Edward Island,Sponsored Family,59
2026,1,Prince Edward Island,Resettled Refugee & Protected Person,36
2026,1,Prince Edward Island,Economic - Canadian Experience Class,13
2026,1,Prince Edward Island,All Other Immigration,4
2026,2,Ontario,Economic - Federal High Skilled,3633
2026,2,Ontario,Economic - Provincial Nominee Program,2718
2026,2,Ontario,Sponsored Family,2709
2026,2,Ontario,Resettled Refugee & Protected Person,1758
2026,2,Ontario,Economic - Canadian Experience Class,606
2026,2,Ontario,All Other Immigration,229
2026,2,Quebec,Economic - Federal High Skilled,1162
2026,2,Quebec,Economic - Provincial Nominee Program,1004
2026,2,Quebec,Sponsored Family,918
2026,2,Quebec,Resettled Refugee & Protected Person,554
2026,2,Quebec,Economic - Canadian Experience Class,169
2026,2,Quebec,All Other Immigration,77
2026,2,British Columbia,Economic - Federal High Skilled,1376
2026,2,British Columbia,Economic - Provincial Nominee Program,1304
2026,2,British Columbia,Sponsored Family,1038
2026,2,British Columbia,Resettled Refugee & Protected Person,676
2026,2,British Columbia,Economic - Canadian Experience Class,233
2026,2,British Columbia,All Other Immigration,96
2026,2,Alberta,Economic - Federal High Skilled,1028
2026,2,Alberta,Economic - Provincial Nominee Program,1081
2026,2,Alberta,Sponsored Family,952
2026,2,Alberta,Resettled Refugee & Protected Person,620
2026,2,Alberta,Economic - Canadian Experience Class,193
2026,2,Alberta,All Other Immigration,66
2026,2,Manitoba,Economic - Federal High Skilled,482
2026,2,Manitoba,Economic - Provincial Nominee Program,342
2026,2,Manitoba,Sponsored Family,321
2026,2,Manitoba,Resettled Refugee & Protected Person,219
2026,2,Manitoba,Economic - Canadian Experience Class,66
2026,2,Manitoba,All Other Immigration,30
2026,2,Saskatchewan,Economic - Federal High Skilled,391
2026,2,Saskatchewan,Economic - Provincial Nominee Program,313
2026,2,Saskatchewan,Sponsored Family,234
2026,2,Saskatchewan,Resettled Refugee & Protected Person,160
2026,2,Saskatchewan,Economic - Canadian Experience Class,57
2026,2,Saskatchewan,All Other Immigration,26
2026,2,Nova Scotia,Economic - Federal High Skilled,312
2026,2,Nova Scotia,Economic - Provincial Nominee Program,210
2026,2,Nova Scotia,Sponsored Family,178
2026,2,Nova Scotia,Resettled Refugee & Protected Person,122
2026,2,Nova Scotia,Economic - Canadian Experience Class,54
2026,2,Nova Scotia,All Other Immigration,17
2026,2,New Brunswick,Economic - Federal High Skilled,262
2026,2,New Brunswick,Economic - Provincial Nominee Program,218
2026,2,New Brunswick,Sponsored Family,162
2026,2,New Brunswick,Resettled Refugee & Protected Person,103
2026,2,New Brunswick,Economic - Canadian Experience Class,43
2026,2,New Brunswick,All Other Immigration,17
2026,2,Newfoundland and Labrador,Economic - Federal High Skilled,118
2026,2,Newfoundland and Labrador,Economic - Provincial Nominee Program,68
2026,2,Newfoundland and Labrador,Sponsored Family,64
2026,2,Newfoundland and Labrador,Resettled Refugee & Protected Person,51
2026,2,Newfoundland and Labrador,Economic - Canadian Experience Class,14
2026,2,Newfoundland and Labrador,All Other Immigration,5
2026,2,Prince Edward Island,Economic - Federal High Skilled,94
2026,2,Prince Edward Island,Economic - Provincial Nominee Program,73
2026,2,Prince Edward Island,Sponsored Family,51
2026,2,Prince Edward Island,Resettled Refugee & Protected Person,37
2026,2,Prince Edward Island,Economic - Canadian Experience Class,12
2026,2,Prince Edward Island,All Other Immigration,5
2026,3,Ontario,Economic - Federal High Skilled,3841
2026,3,Ontario,Economic - Provincial Nominee Program,3159
2026,3,Ontario,Sponsored Family,3242
2026,3,Ontario,Resettled Refugee & Protected Person,1780
2026,3,Ontario,Economic - Canadian Experience Class,569
2026,3,Ontario,All Other Immigration,270
2026,3,Quebec,Economic - Federal High Skilled,1353
2026,3,Quebec,Economic - Provincial Nominee Program,1040
2026,3,Quebec,Sponsored Family,959
2026,3,Quebec,Resettled Refugee & Protected Person,583
2026,3,Quebec,Economic - Canadian Experience Class,238
2026,3,Quebec,All Other Immigration,80
2026,3,British Columbia,Economic - Federal High Skilled,1733
2026,3,British Columbia,Economic - Provincial Nominee Program,1232
2026,3,British Columbia,Sponsored Family,1025
2026,3,British Columbia,Resettled Refugee & Protected Person,754
2026,3,British Columbia,Economic - Canadian Experience Class,280
2026,3,British Columbia,All Other Immigration,111
2026,3,Alberta,Economic - Federal High Skilled,1170
2026,3,Alberta,Economic - Provincial Nominee Program,944
2026,3,Alberta,Sponsored Family,871
2026,3,Alberta,Resettled Refugee & Protected Person,480
2026,3,Alberta,Economic - Canadian Experience Class,199
2026,3,Alberta,All Other Immigration,81
2026,3,Manitoba,Economic - Federal High Skilled,556
2026,3,Manitoba,Economic - Provincial Nominee Program,333
2026,3,Manitoba,Sponsored Family,407
2026,3,Manitoba,Resettled Refugee & Protected Person,218
2026,3,Manitoba,Economic - Canadian Experience Class,75
2026,3,Manitoba,All Other Immigration,31
2026,3,Saskatchewan,Economic - Federal High Skilled,464
2026,3,Saskatchewan,Economic - Provincial Nominee Program,336
2026,3,Saskatchewan,Sponsored Family,281
2026,3,Saskatchewan,Resettled Refugee & Protected Person,194
2026,3,Saskatchewan,Economic - Canadian Experience Class,59
2026,3,Saskatchewan,All Other Immigration,28
2026,3,Nova Scotia,Economic - Federal High Skilled,306
2026,3,Nova Scotia,Economic - Provincial Nominee Program,248
2026,3,Nova Scotia,Sponsored Family,176
2026,3,Nova Scotia,Resettled Refugee & Protected Person,145
2026,3,Nova Scotia,Economic - Canadian Experience Class,49
2026,3,Nova Scotia,All Other Immigration,17
2026,3,New Brunswick,Economic - Federal High Skilled,265
2026,3,New Brunswick,Economic - Provincial Nominee Program,164
2026,3,New Brunswick,Sponsored Family,203
2026,3,New Brunswick,Resettled Refugee & Protected Person,117
2026,3,New Brunswick,Economic - Canadian Experience Class,37
2026,3,New Brunswick,All Other Immigration,17
2026,3,Newfoundland and Labrador,Economic - Federal High Skilled,117
2026,3,Newfoundland and Labrador,Economic - Provincial Nominee Program,76
2026,3,Newfoundland and Labrador,Sponsored Family,57
2026,3,Newfoundland and Labrador,Resettled Refugee & Protected Person,40
2026,3,Newfoundland and Labrador,Economic - Canadian Experience Class,15
2026,3,Newfoundland and Labrador,All Other Immigration,6
2026,3,Prince Edward Island,Economic - Federal High Skilled,82
2026,3,Prince Edward Island,Economic - Provincial Nominee Program,64
2026,3,Prince Edward Island,Sponsored Family,54
2026,3,Prince Edward Island,Resettled Refugee & Protected Person,33
2026,3,Prince Edward Island,Economic - Canadian Experience Class,13
2026,3,Prince Edward Island,All Other Immigration,5
2026,4,Ontario,Economic - Federal High Skilled,4234
2026,4,Ontario,Economic - Provincial Nominee Program,3122
2026,4,Ontario,Sponsored Family,2412
2026,4,Ontario,Resettled Refugee & Protected Person,1588
2026,4,Ontario,Economic - Canadian Experience Class,641
2026,4,Ontario,All Other Immigration,308
2026,4,Quebec,Economic - Federal High Skilled,1129
2026,4,Quebec,Economic - Provincial Nominee Program,1186
2026,4,Quebec,Sponsored Family,784
2026,4,Quebec,Resettled Refugee & Protected Person,534
2026,4,Quebec,Economic - Canadian Experience Class,201
2026,4,Quebec,All Other Immigration,73
2026,4,British Columbia,Economic - Federal High Skilled,1602
2026,4,British Columbia,Economic - Provincial Nominee Program,1249
2026,4,British Columbia,Sponsored Family,1084
2026,4,British Columbia,Resettled Refugee & Protected Person,755
2026,4,British Columbia,Economic - Canadian Experience Class,235
2026,4,British Columbia,All Other Immigration,93
2026,4,Alberta,Economic - Federal High Skilled,1344
2026,4,Alberta,Economic - Provincial Nominee Program,814
2026,4,Alberta,Sponsored Family,936
2026,4,Alberta,Resettled Refugee & Protected Person,557
2026,4,Alberta,Economic - Canadian Experience Class,201
2026,4,Alberta,All Other Immigration,66
2026,4,Manitoba,Economic - Federal High Skilled,591
2026,4,Manitoba,Economic - Provincial Nominee Program,357
2026,4,Manitoba,Sponsored Family,305
2026,4,Manitoba,Resettled Refugee & Protected Person,193
2026,4,Manitoba,Economic - Canadian Experience Class,80
2026,4,Manitoba,All Other Immigration,36
2026,4,Saskatchewan,Economic - Federal High Skilled,364
2026,4,Saskatchewan,Economic - Provincial Nominee Program,304
2026,4,Saskatchewan,Sponsored Family,245
2026,4,Saskatchewan,Resettled Refugee & Protected Person,185
2026,4,Saskatchewan,Economic - Canadian Experience Class,61
2026,4,Saskatchewan,All Other Immigration,20
2026,4,Nova Scotia,Economic - Federal High Skilled,314
2026,4,Nova Scotia,Economic - Provincial Nominee Program,210
2026,4,Nova Scotia,Sponsored Family,214
2026,4,Nova Scotia,Resettled Refugee & Protected Person,127
2026,4,Nova Scotia,Economic - Canadian Experience Class,50
2026,4,Nova Scotia,All Other Immigration,16
2026,4,New Brunswick,Economic - Federal High Skilled,274
2026,4,New Brunswick,Economic - Provincial Nominee Program,218
2026,4,New Brunswick,Sponsored Family,145
2026,4,New Brunswick,Resettled Refugee & Protected Person,94
2026,4,New Brunswick,Economic - Canadian Experience Class,44
2026,4,New Brunswick,All Other Immigration,13
2026,4,Newfoundland and Labrador,Economic - Federal High Skilled,94
2026,4,Newfoundland and Labrador,Economic - Provincial Nominee Program,77
2026,4,Newfoundland and Labrador,Sponsored Family,63
2026,4,Newfoundland and Labrador,Resettled Refugee & Protected Person,49
2026,4,Newfoundland and Labrador,Economic - Canadian Experience Class,15
2026,4,Newfoundland and Labrador,All Other Immigration,6
2026,4,Prince Edward Island,Economic - Federal High Skilled,83
2026,4,Prince Edward Island,Economic - Provincial Nominee Program,65
2026,4,Prince Edward Island,Sponsored Family,57
2026,4,Prince Edward Island,Resettled Refugee & Protected Person,33
2026,4,Prince Edward Island,Economic - Canadian Experience Class,14
2026,4,Prince Edward Island,All Other Immigration,5
